row_id,num_sold
558,221
559,434
560,115
561,427
562,657
563,166
564,383
565,760
566,176
567,685
568,1214
569,281
570,305
571,477
572,128
573,453
574,802
575,219
576,199
577,337
578,83
579,339
580,545
581,142
582,304
583,546
584,135
585,532
586,988
587,252
588,221
589,437
590,102
591,378
592,694
593,196
594,185
595,305
596,87
597,305
598,588
599,146
600,328
601,521
602,152
603,600
604,994
605,259
606,228
607,398
608,102
609,372
610,643
611,184
612,167
613,333
614,85
615,309
616,569
617,139
618,313
619,603
620,144
621,536
622,1008
623,261
624,241
625,406
626,100
627,355
628,666
629,185
630,183
631,333
632,90
633,312
634,545
635,134
636,304
637,559
638,151
639,564
640,917
641,256
642,219
643,406
644,108
645,372
646,674
647,179
648,195
649,315
650,83
651,353
652,621
653,157
654,350
655,591
656,166
657,557
658,1052
659,246
660,222
661,429
662,104
663,410
664,715
665,186
666,238
667,419
668,92
669,396
670,714
671,185
672,399
673,703
674,168
675,685
676,1282
677,314
678,266
679,476
680,134
681,496
682,804
683,231
684,246
685,390
686,97
687,388
688,697
689,189
690,391
691,746
692,167
693,648
694,1221
695,339
696,270
697,478
698,121
699,483
700,848
701,205
702,174
703,343
704,88
705,342
706,594
707,146
708,307
709,578
710,135
711,575
712,1093
713,270
714,210
715,401
716,110
717,386
718,652
719,178
720,184
721,347
722,74
723,316
724,610
725,150
726,326
727,538
728,139
729,539
730,951
731,247
732,220
733,419
734,96
735,383
736,736
737,184
738,191
739,366
740,91
741,339
742,592
743,151
744,326
745,540
746,156
747,598
748,992
749,264
750,207
751,425
752,104
753,368
754,758
755,187
756,182
757,332
758,84
759,340
760,571
761,140
762,324
763,583
764,148
765,531
766,982
767,265
768,214
769,416
770,101
771,397
772,702
773,167
774,196
775,362
776,89
777,318
778,603
779,148
780,315
781,605
782,145
783,561
784,1113
785,233
786,238
787,449
788,100
789,411
790,686
791,180
792,231
793,424
794,94
795,400
796,714
797,173
798,410
799,734
800,184
801,687
802,1335
803,324
804,288
805,439
806,120
807,492
808,903
809,230
810,224
811,390
812,111
813,418
814,752
815,178
816,423
817,735
818,166
819,673
820,1241
821,317
822,285
823,497
824,116
825,486
826,874
827,245
828,158
829,315
830,76
831,312
832,577
833,150
834,310
835,573
836,134
837,508
838,978
839,233
840,235
841,413
842,106
843,419
844,699
845,178
846,176
847,316
848,83
849,318
850,631
851,147
852,324
853,555
854,145
855,537
856,988
857,235
858,231
859,413
860,100
861,395
862,741
863,175
864,177
865,366
866,74
867,301
868,583
869,140
870,296
871,550
872,144
873,575
874,998
875,260
876,228
877,416
878,100
879,369
880,687
881,193
882,185
883,371
884,85
885,348
886,582
887,140
888,301
889,670
890,143
891,517
892,1072
893,251
894,216
895,435
896,99
897,352
898,646
899,165
900,196
901,362
902,80
903,359
904,670
905,141
906,343
907,591
908,150
909,568
910,1100
911,268
912,242
913,442
914,102
915,388
916,712
917,197
918,219
919,459
920,103
921,367
922,728
923,183
924,396
925,725
926,174
927,694
928,1237
929,311
930,263
931,524
932,121
933,477
934,867
935,211
936,235
937,422
938,99
939,366
940,752
941,184
942,376
943,765
944,192
945,707
946,1200
947,301
948,295
949,531
950,123
951,489
952,957
953,219
954,172
955,331
956,84
957,310
958,667
959,155
960,263
961,550
962,152
963,547
964,1115
965,271
966,221
967,381
968,99
969,389
970,760
971,168
972,169
973,355
974,85
975,303
976,598
977,143
978,329
979,608
980,150
981,515
982,1065
983,232
984,212
985,425
986,105
987,355
988,720
989,176
990,172
991,335
992,82
993,312
994,596
995,134
996,313
997,557
998,150
999,556
1000,1109
1001,256
1002,217
1003,400
1004,109
1005,352
1006,721
1007,168
1008,160
1009,330
1010,81
1011,297
1012,606
1013,142
1014,317
1015,643
1016,150
1017,570
1018,1028
1019,252
1020,213
1021,439
1022,105
1023,363
1024,707
1025,172
1026,175
1027,355
1028,89
1029,312
1030,607
1031,151
1032,307
1033,581
1034,139
1035,566
1036,1108
1037,253
1038,231
1039,440
1040,111
1041,400
1042,737
1043,167
1044,209
1045,415
1046,106
1047,363
1048,751
1049,163
1050,410
1051,743
1052,183
1053,620
1054,1334
1055,302
1056,258
1057,539
1058,121
1059,452
1060,881
1061,220
1620,175
1621,353
1622,85
1623,294
1624,607
1625,139
1626,280
1627,586
1628,142
1629,454
1630,1019
1631,244
1632,206
1633,415
1634,98
1635,317
1636,739
1637,182
1638,158
1639,339
1640,75
1641,303
1642,651
1643,159
1644,294
1645,682
1646,138
1647,521
1648,1157
1649,246
1650,192
1651,431
1652,98
1653,322
1654,778
1655,178
1656,182
1657,402
1658,92
1659,306
1660,625
1661,139
1662,299
1663,742
1664,155
1665,546
1666,1215
1667,292
1668,213
1669,488
1670,105
1671,345
1672,735
1673,183
1674,200
1675,461
1676,106
1677,345
1678,838
1679,183
1680,380
1681,921
1682,194
1683,659
1684,1541
1685,298
1686,255
1687,560
1688,133
1689,454
1690,935
1691,240
1692,203
1693,487
1694,108
1695,400
1696,851
1697,192
1698,440
1699,933
1700,225
1701,795
1702,1380
1703,378
1704,265
1705,613
1706,128
1707,479
1708,1012
1709,212
1710,178
1711,403
1712,95
1713,315
1714,706
1715,174
1716,396
1717,801
1718,188
1719,603
1720,1424
1721,353
1722,227
1723,513
1724,112
1725,412
1726,814
1727,206
1728,197
1729,467
1730,109
1731,325
1732,747
1733,203
1734,405
1735,876
1736,209
1737,723
1738,1408
1739,395
1740,232
1741,498
1742,120
1743,403
1744,916
1745,227
1746,211
1747,471
1748,103
1749,393
1750,816
1751,197
1752,428
1753,907
1754,209
1755,660
1756,1590
1757,336
1758,245
1759,553
1760,141
1761,448
1762,967
1763,222
1764,211
1765,429
1766,118
1767,357
1768,881
1769,207
1770,458
1771,935
1772,197
1773,752
1774,1679
1775,372
1776,280
1777,589
1778,144
1779,489
1780,1005
1781,224
1782,234
1783,514
1784,125
1785,395
1786,889
1787,212
1788,376
1789,869
1790,240
1791,698
1792,1588
1793,368
1794,281
1795,651
1796,143
1797,468
1798,1089
1799,222
1800,258
1801,640
1802,132
1803,468
1804,1042
1805,220
1806,495
1807,1091
1808,234
1809,774
1810,1676
1811,416
1812,313
1813,698
1814,163
1815,565
1816,1208
1817,270
1818,259
1819,475
1820,137
1821,397
1822,930
1823,214
1824,419
1825,933
1826,212
1827,728
1828,1522
1829,394
1830,282
1831,665
1832,143
1833,513
1834,1158
1835,243
1836,181
1837,372
1838,90
1839,315
1840,646
1841,164
1842,301
1843,661
1844,161
1845,540
1846,1224
1847,286
1848,219
1849,502
1850,98
1851,358
1852,806
1853,187
1854,179
1855,371
1856,96
1857,272
1858,617
1859,145
1860,289
1861,748
1862,144
1863,511
1864,1114
1865,252
1866,203
1867,489
1868,110
1869,361
1870,748
1871,177
1872,154
1873,363
1874,85
1875,292
1876,604
1877,146
1878,298
1879,575
1880,140
1881,458
1882,1162
1883,254
1884,174
1885,407
1886,105
1887,327
1888,823
1889,181
1890,154
1891,345
1892,87
1893,252
1894,577
1895,142
1896,279
1897,590
1898,135
1899,522
1900,1061
1901,257
1902,190
1903,386
1904,96
1905,343
1906,778
1907,181
1908,153
1909,386
1910,87
1911,286
1912,667
1913,156
1914,289
1915,651
1916,157
1917,463
1918,1095
1919,250
1920,186
1921,475
1922,106
1923,354
1924,774
1925,173
1926,208
1927,448
1928,104
1929,352
1930,744
1931,165
1932,384
1933,792
1934,170
1935,610
1936,1316
1937,293
1938,240
1939,490
1940,124
1941,393
1942,941
1943,223
1944,209
1945,484
1946,99
1947,337
1948,840
1949,190
1950,319
1951,795
1952,173
1953,576
1954,1251
1955,319
1956,232
1957,542
1958,132
1959,385
1960,1041
1961,219
1962,164
1963,369
1964,88
1965,268
1966,582
1967,141
1968,267
1969,615
1970,148
1971,493
1972,1085
1973,268
1974,179
1975,433
1976,97
1977,312
1978,706
1979,171
1980,160
1981,311
1982,79
1983,244
1984,638
1985,138
1986,289
1987,639
1988,148
1989,485
1990,1076
1991,248
1992,190
1993,420
1994,93
1995,312
1996,744
1997,175
1998,153
1999,337
2000,82
2001,280
2002,648
2003,140
2004,252
2005,585
2006,141
2007,472
2008,1039
2009,249
2010,189
2011,413
2012,111
2013,322
2014,653
2015,160
2016,170
2017,354
2018,78
2019,277
2020,579
2021,145
2022,280
2023,661
2024,145
2025,506
2026,981
2027,275
2028,164
2029,413
2030,95
2031,311
2032,698
2033,172
2034,170
2035,349
2036,80
2037,291
2038,649
2039,150
2040,273
2041,648
2042,144
2043,514
2044,1135
2045,265
2046,185
2047,456
2048,99
2049,334
2050,761
2051,182
2052,200
2053,415
2054,96
2055,355
2056,777
2057,201
2058,335
2059,720
2060,172
2061,561
2062,1390
2063,288
2064,227
2065,540
2066,119
2067,405
2068,1032
2069,217
2070,208
2071,447
2072,105
2073,345
2074,714
2075,183
2076,330
2077,750
2078,168
2079,547
2080,1340
2081,297
2082,227
2083,488
2084,116
2085,413
2086,878
2087,241
2088,163
2089,362
2090,84
2091,252
2092,526
2093,149
2094,252
2095,564
2096,144
2097,512
2098,1005
2099,236
2100,174
2101,403
2102,99
2103,292
2104,646
2105,182
2106,143
2107,354
2108,80
2109,265
2110,582
2111,140
2112,248
2113,654
2114,143
2115,457
2116,1054
2117,258
2118,174
2119,404
2120,98
2121,309
2122,742
2123,168
2124,152
2125,373
2126,85
2127,268
2128,571
2129,147
2130,256
2131,590
2132,118
2133,438
2134,1020
2135,245
2136,177
2137,415
2138,98
2139,330
2140,771
2141,167
2142,152
2143,353
2144,80
2145,285
2146,598
2147,143
2148,259
2149,574
2150,156
2151,501
2152,1093
2153,246
2154,178
2155,395
2156,108
2157,300
2158,721
2159,174
2718,145
2719,342
2720,82
2721,235
2722,622
2723,156
2724,276
2725,639
2726,162
2727,492
2728,1010
2729,270
2730,184
2731,407
2732,107
2733,300
2734,673
2735,190
2736,137
2737,286
2738,96
2739,249
2740,543
2741,162
2742,264
2743,537
2744,155
2745,454
2746,1080
2747,285
2748,169
2749,400
2750,104
2751,295
2752,681
2753,151
2754,137
2755,314
2756,87
2757,260
2758,613
2759,151
2760,267
2761,604
2762,145
2763,453
2764,940
2765,224
2766,177
2767,389
2768,100
2769,290
2770,598
2771,170
2772,149
2773,316
2774,89
2775,253
2776,602
2777,150
2778,230
2779,546
2780,144
2781,412
2782,977
2783,246
2784,170
2785,347
2786,113
2787,301
2788,683
2789,153
2790,149
2791,347
2792,88
2793,282
2794,560
2795,151
2796,260
2797,614
2798,156
2799,416
2800,1086
2801,265
2802,174
2803,414
2804,103
2805,292
2806,657
2807,181
2808,183
2809,402
2810,91
2811,302
2812,735
2813,171
2814,323
2815,717
2816,176
2817,475
2818,1136
2819,332
2820,214
2821,511
2822,136
2823,364
2824,810
2825,205
2826,179
2827,391
2828,103
2829,332
2830,681
2831,182
2832,321
2833,638
2834,172
2835,533
2836,1181
2837,310
2838,233
2839,480
2840,128
2841,376
2842,790
2843,243
2844,151
2845,352
2846,82
2847,264
2848,536
2849,137
2850,251
2851,535
2852,151
2853,413
2854,983
2855,256
2856,185
2857,352
2858,111
2859,334
2860,752
2861,186
2862,144
2863,335
2864,88
2865,240
2866,566
2867,149
2868,245
2869,566
2870,146
2871,407
2872,922
2873,242
2874,188
2875,416
2876,114
2877,338
2878,724
2879,210
2880,144
2881,332
2882,83
2883,232
2884,619
2885,146
2886,241
2887,533
2888,143
2889,452
2890,896
2891,261
2892,191
2893,491
2894,112
2895,358
2896,755
2897,195
2898,142
2899,322
2900,82
2901,240
2902,562
2903,139
2904,250
2905,556
2906,151
2907,403
2908,916
2909,247
2910,198
2911,449
2912,122
2913,352
2914,793
2915,191
2916,151
2917,303
2918,80
2919,265
2920,595
2921,165
2922,264
2923,592
2924,154
2925,450
2926,1045
2927,263
2928,204
2929,427
2930,114
2931,343
2932,811
2933,215
2934,179
2935,373
2936,104
2937,296
2938,682
2939,184
2940,254
2941,705
2942,175
2943,546
2944,1243
2945,321
2946,216
2947,528
2948,147
2949,420
2950,819
2951,230
2952,185
2953,380
2954,100
2955,296
2956,713
2957,194
2958,275
2959,665
2960,185
2961,508
2962,1232
2963,303
2964,207
2965,510
2966,121
2967,401
2968,827
2969,247
2970,152
2971,303
2972,90
2973,228
2974,549
2975,144
2976,236
2977,509
2978,148
2979,419
2980,971
2981,244
2982,175
2983,386
2984,105
2985,295
2986,663
2987,162
2988,135
2989,352
2990,84
2991,240
2992,523
2993,144
2994,247
2995,540
2996,156
2997,438
2998,877
2999,250
3000,167
3001,371
3002,99
3003,289
3004,686
3005,175
3006,147
3007,313
3008,83
3009,223
3010,528
3011,153
3012,238
3013,526
3014,140
3015,401
3016,933
3017,233
3018,178
3019,348
3020,98
3021,309
3022,601
3023,194
3024,136
3025,301
3026,84
3027,247
3028,570
3029,151
3030,250
3031,514
3032,148
3033,447
3034,891
3035,264
3036,160
3037,382
3038,99
3039,316
3040,586
3041,179
3042,144
3043,288
3044,83
3045,243
3046,569
3047,152
3048,263
3049,533
3050,163
3051,442
3052,924
3053,253
3054,175
3055,376
3056,110
3057,296
3058,697
3059,170
3060,190
3061,394
3062,105
3063,327
3064,661
3065,193
3066,305
3067,697
3068,180
3069,611
3070,1133
3071,320
3072,229
3073,476
3074,130
3075,354
3076,857
3077,235
3078,197
3079,418
3080,114
3081,339
3082,741
3083,219
3084,301
3085,659
3086,170
3087,531
3088,1150
3089,325
3090,243
3091,517
3092,131
3093,408
3094,978
3095,243
3096,155
3097,342
3098,103
3099,304
3100,647
3101,177
3102,224
3103,518
3104,149
3105,419
3106,875
3107,249
3108,181
3109,442
3110,128
3111,340
3112,756
3113,212
3114,177
3115,379
3116,102
3117,309
3118,677
3119,186
3120,220
3121,546
3122,138
3123,418
3124,891
3125,229
3126,214
3127,464
3128,130
3129,351
3130,829
3131,216
3132,177
3133,422
3134,120
3135,318
3136,715
3137,187
3138,249
3139,537
3140,138
3141,420
3142,897
3143,238
3144,231
3145,487
3146,142
3147,399
3148,815
3149,213
3150,176
3151,375
3152,113
3153,325
3154,669
3155,176
3156,248
3157,504
3158,145
3159,456
3160,907
3161,243
3162,229
3163,468
3164,129
3165,359
3166,778
3167,234
3168,173
3169,358
3170,104
3171,298
3172,694
3173,162
3174,261
3175,582
3176,157
3177,423
3178,996
3179,247
3180,208
3181,462
3182,129
3183,358
3184,835
3185,226
3186,202
3187,398
3188,114
3189,339
3190,744
3191,220
3192,316
3193,627
3194,176
3195,547
3196,1108
3197,321
3198,247
3199,531
3200,137
3201,403
3202,856
3203,247
3204,203
3205,403
3206,104
3207,311
3208,660
3209,198
3210,294
3211,642
3212,179
3213,503
3214,1132
3215,301
3216,237
3217,444
3218,140
3219,360
3220,842
3221,245
3222,135
3223,296
3224,85
3225,227
3226,496
3227,146
3228,241
3229,581
3230,139
3231,471
3232,829
3233,230
3234,163
3235,356
3236,99
3237,297
3238,690
3239,188
3240,133
3241,290
3242,85
3243,249
3244,470
3245,147
3246,247
3247,500
3248,142
3249,402
3250,867
3251,252
3252,168
3253,354
3254,98
3255,262
3256,710
3257,175
3816,180
3817,338
3818,118
3819,294
3820,572
3821,185
3822,318
3823,546
3824,193
3825,545
3826,1019
3827,304
3828,216
3829,414
3830,125
3831,340
3832,735
3833,212
3834,183
3835,328
3836,96
3837,300
3838,512
3839,176
3840,295
3841,585
3842,174
3843,469
3844,973
3845,327
3846,205
3847,388
3848,132
3849,350
3850,670
3851,199
3852,128
3853,263
3854,89
3855,251
3856,501
3857,149
3858,276
3859,410
3860,143
3861,429
3862,779
3863,254
3864,170
3865,308
3866,96
3867,297
3868,476
3869,184
3870,161
3871,269
3872,81
3873,267
3874,443
3875,151
3876,249
3877,444
3878,157
3879,445
3880,748
3881,233
3882,188
3883,279
3884,102
3885,293
3886,566
3887,165
3888,137
3889,261
3890,85
3891,260
3892,439
3893,142
3894,263
3895,442
3896,144
3897,492
3898,705
3899,254
3900,179
3901,327
3902,93
3903,254
3904,480
3905,166
3906,131
3907,243
3908,88
3909,261
3910,442
3911,136
3912,237
3913,457
3914,142
3915,458
3916,698
3917,247
3918,156
3919,308
3920,99
3921,299
3922,538
3923,170
3924,136
3925,275
3926,89
3927,254
3928,454
3929,154
3930,255
3931,447
3932,151
3933,427
3934,797
3935,264
3936,173
3937,314
3938,108
3939,321
3940,625
3941,189
3942,166
3943,323
3944,98
3945,315
3946,535
3947,173
3948,293
3949,553
3950,172
3951,553
3952,936
3953,345
3954,209
3955,388
3956,124
3957,385
3958,719
3959,209
3960,184
3961,321
3962,105
3963,326
3964,552
3965,180
3966,306
3967,556
3968,169
3969,582
3970,1010
3971,282
3972,236
3973,360
3974,126
3975,390
3976,648
3977,228
3978,160
3979,249
3980,76
3981,236
3982,437
3983,147
3984,239
3985,421
3986,136
3987,473
3988,747
3989,257
3990,173
3991,319
3992,94
3993,274
3994,504
3995,172
3996,134
3997,255
3998,86
3999,237
4000,430
4001,137
4002,225
4003,453
4004,158
4005,444
4006,702
4007,248
4008,181
4009,303
4010,97
4011,307
4012,541
4013,173
4014,140
4015,257
4016,79
4017,247
4018,399
4019,144
4020,264
4021,414
4022,158
4023,416
4024,793
4025,254
4026,162
4027,304
4028,94
4029,325
4030,508
4031,165
4032,149
4033,259
4034,88
4035,252
4036,441
4037,139
4038,268
4039,416
4040,144
4041,432
4042,685
4043,269
4044,176
4045,321
4046,105
4047,307
4048,530
4049,164
4050,158
4051,265
4052,90
4053,268
4054,448
4055,140
4056,267
4057,479
4058,134
4059,486
4060,783
4061,266
4062,176
4063,300
4064,98
4065,319
4066,630
4067,177
4068,182
4069,318
4070,109
4071,315
4072,541
4073,182
4074,295
4075,534
4076,198
4077,523
4078,925
4079,322
4080,221
4081,349
4082,129
4083,402
4084,676
4085,215
4086,188
4087,289
4088,102
4089,314
4090,583
4091,173
4092,307
4093,524
4094,178
4095,532
4096,932
4097,316
4098,218
4099,357
4100,123
4101,374
4102,689
4103,207
4104,155
4105,243
4106,83
4107,251
4108,384
4109,142
4110,251
4111,422
4112,143
4113,437
4114,661
4115,239
4116,181
4117,294
4118,97
4119,310
4120,549
4121,166
4122,142
4123,227
4124,92
4125,259
4126,413
4127,131
4128,254
4129,420
4130,145
4131,435
4132,742
4133,268
4134,163
4135,303
4136,109
4137,296
4138,515
4139,174
4140,149
4141,269
4142,87
4143,258
4144,451
4145,147
4146,269
4147,415
4148,149
4149,404
4150,803
4151,235
4152,184
4153,285
4154,103
4155,313
4156,571
4157,173
4158,143
4159,246
4160,74
4161,276
4162,440
4163,147
4164,267
4165,428
4166,139
4167,447
4168,709
4169,268
4170,189
4171,313
4172,103
4173,306
4174,484
4175,176
4176,148
4177,243
4178,88
4179,279
4180,406
4181,152
4182,275
4183,449
4184,159
4185,412
4186,736
4187,282
4188,190
4189,283
4190,100
4191,330
4192,528
4193,181
4194,175
4195,288
4196,94
4197,329
4198,537
4199,174
4200,327
4201,502
4202,184
4203,586
4204,877
4205,309
4206,224
4207,366
4208,139
4209,406
4210,644
4211,226
4212,173
4213,300
4214,96
4215,335
4216,523
4217,185
4218,347
4219,482
4220,168
4221,593
4222,838
4223,311
4224,240
4225,367
4226,123
4227,410
4228,619
4229,214
4230,143
4231,272
4232,87
4233,261
4234,428
4235,138
4236,277
4237,443
4238,132
4239,452
4240,733
4241,265
4242,181
4243,282
4244,97
4245,310
4246,520
4247,161
4248,165
4249,223
4250,76
4251,253
4252,428
4253,153
4254,251
4255,424
4256,132
4257,460
4258,685
4259,252
4260,185
4261,296
4262,105
4263,324
4264,548
4265,176
4266,159
4267,245
4268,85
4269,232
4270,418
4271,143
4272,270
4273,399
4274,150
4275,490
4276,724
4277,266
4278,178
4279,284
4280,92
4281,324
4282,524
4283,179
4284,143
4285,232
4286,88
4287,263
4288,427
4289,147
4290,266
4291,471
4292,135
4293,435
4294,749
4295,237
4296,172
4297,278
4298,89
4299,318
4300,494
4301,166
4302,161
4303,245
4304,78
4305,271
4306,414
4307,161
4308,286
4309,447
4310,154
4311,500
4312,707
4313,266
4314,181
4315,306
4316,106
4317,312
4318,496
4319,176
4320,183
4321,292
4322,108
4323,312
4324,492
4325,182
4326,318
4327,547
4328,180
4329,511
4330,871
4331,293
4332,235
4333,353
4334,113
4335,394
4336,610
4337,214
4338,189
4339,284
4340,101
4341,314
4342,471
4343,173
4344,323
4345,519
4346,186
4347,492
4348,859
4349,326
4350,221
4351,342
4352,133
4353,419
4354,628
4355,219
4356,142
4357,247
4358,82
4359,271
4360,378
4361,137
4362,258
4363,425
4364,144
4365,441
4366,718
4367,261
4368,203
4369,286
4370,99
4371,311
4372,433
4373,170
7128,208
7129,321
7130,89
7131,342
7132,627
7133,143
7134,300
7135,560
7136,133
7137,582
7138,886
7139,217
7140,242
7141,376
7142,96
7143,363
7144,662
7145,186
7146,189
7147,322
7148,85
7149,340
7150,622
7151,144
7152,333
7153,513
7154,142
7155,570
7156,993
7157,229
7158,230
7159,380
7160,106
7161,401
7162,762
7163,179
7164,191
7165,326
7166,89
7167,341
7168,579
7169,149
7170,327
7171,535
7172,157
7173,540
7174,909
7175,250
7176,212
7177,396
7178,96
7179,398
7180,716
7181,176
7182,179
7183,334
7184,85
7185,343
7186,577
7187,145
7188,317
7189,564
7190,146
7191,589
7192,783
7193,226
7194,230
7195,384
7196,91
7197,407
7198,681
7199,167
7200,185
7201,320
7202,88
7203,384
7204,643
7205,143
7206,305
7207,565
7208,148
7209,578
7210,1016
7211,232
7212,255
7213,441
7214,108
7215,447
7216,715
7217,171
7218,229
7219,435
7220,97
7221,408
7222,702
7223,200
7224,401
7225,648
7226,160
7227,660
7228,1156
7229,303
7230,289
7231,553
7232,118
7233,501
7234,863
7235,220
7236,228
7237,448
7238,105
7239,433
7240,702
7241,186
7242,404
7243,670
7244,180
7245,679
7246,1240
7247,272
7248,274
7249,479
7250,130
7251,496
7252,837
7253,229
7254,183
7255,322
7256,91
7257,303
7258,557
7259,152
7260,324
7261,558
7262,138
7263,527
7264,967
7265,247
7266,221
7267,387
7268,95
7269,377
7270,767
7271,168
7272,178
7273,333
7274,81
7275,355
7276,625
7277,154
7278,314
7279,550
7280,145
7281,511
7282,973
7283,244
7284,223
7285,384
7286,97
7287,392
7288,709
7289,181
7290,201
7291,345
7292,91
7293,341
7294,622
7295,141
7296,284
7297,590
7298,114
7299,503
7300,985
7301,238
7302,218
7303,392
7304,101
7305,365
7306,713
7307,187
7308,183
7309,341
7310,94
7311,303
7312,553
7313,151
7314,284
7315,567
7316,129
7317,517
7318,950
7319,228
7320,225
7321,405
7322,106
7323,388
7324,682
7325,182
7326,207
7327,346
7328,81
7329,342
7330,623
7331,159
7332,326
7333,641
7334,155
7335,525
7336,957
7337,270
7338,235
7339,462
7340,106
7341,409
7342,768
7343,199
7344,225
7345,420
7346,102
7347,398
7348,670
7349,191
7350,393
7351,695
7352,161
7353,603
7354,1144
7355,297
7356,273
7357,516
7358,121
7359,449
7360,819
7361,238
7362,239
7363,437
7364,102
7365,408
7366,695
7367,165
7368,360
7369,726
7370,177
7371,641
7372,1273
7373,332
7374,289
7375,538
7376,138
7377,487
7378,887
7379,219
7380,179
7381,361
7382,93
7383,331
7384,571
7385,141
7386,299
7387,576
7388,146
7389,539
7390,1012
7391,249
7392,225
7393,392
7394,100
7395,407
7396,681
7397,182
7398,184
7399,355
7400,90
7401,344
7402,570
7403,149
7404,293
7405,617
7406,134
7407,515
7408,1049
7409,229
7410,208
7411,398
7412,98
7413,397
7414,678
7415,186
7416,196
7417,344
7418,75
7419,332
7420,560
7421,137
7422,308
7423,544
7424,148
7425,556
7426,944
7427,243
7428,229
7429,427
7430,98
7431,396
7432,727
7433,169
7434,177
7435,325
7436,80
7437,318
7438,639
7439,138
7440,299
7441,552
7442,132
7443,456
7444,951
7445,232
7446,213
7447,419
7448,107
7449,401
7450,703
7451,178
7452,196
7453,387
7454,90
7455,343
7456,583
7457,162
7458,308
7459,572
7460,139
7461,518
7462,948
7463,261
7464,237
7465,426
7466,108
7467,400
7468,750
7469,190
7470,232
7471,382
7472,100
7473,442
7474,730
7475,215
7476,369
7477,673
7478,168
7479,663
7480,1267
7481,283
7482,270
7483,511
7484,122
7485,471
7486,972
7487,218
7488,227
7489,480
7490,101
7491,411
7492,818
7493,178
7494,351
7495,685
7496,178
7497,637
7498,1322
7499,281
7500,281
7501,559
7502,133
7503,492
7504,972
7505,216
7506,187
7507,354
7508,90
7509,299
7510,570
7511,152
7512,308
7513,579
7514,137
7515,538
7516,1072
7517,238
7518,217
7519,427
7520,102
7521,377
7522,775
7523,174
7524,172
7525,355
7526,90
7527,293
7528,628
7529,141
7530,319
7531,626
7532,128
7533,566
7534,927
7535,245
7536,232
7537,374
7538,106
7539,365
7540,688
7541,186
7542,187
7543,363
7544,84
7545,321
7546,639
7547,152
7548,320
7549,608
7550,140
7551,506
7552,967
7553,240
7554,217
7555,428
7556,99
7557,363
7558,749
7559,171
7560,168
7561,356
7562,90
7563,324
7564,581
7565,147
7566,299
7567,586
7568,137
7569,547
7570,977
7571,236
7572,232
7573,419
7574,104
7575,371
7576,772
7577,178
7578,186
7579,360
7580,90
7581,329
7582,647
7583,156
7584,331
7585,582
7586,141
7587,580
7588,1098
7589,248
7590,218
7591,431
7592,92
7593,399
7594,808
7595,195
7596,223
7597,462
7598,119
7599,405
7600,743
7601,191
7602,373
7603,676
7604,166
7605,641
7606,1208
7607,340
7608,266
7609,544
7610,126
7611,469
7612,854
7613,226
7614,253
7615,417
7616,99
7617,416
7618,775
7619,183
7620,369
7621,726
7622,187
7623,667
7624,1270
7625,329
7626,291
7627,528
7628,128
7629,438
7630,929
7631,224
7632,178
7633,345
7634,85
7635,297
7636,650
7637,152
7638,315
7639,554
7640,130
7641,524
7642,981
7643,232
7644,211
7645,426
7646,90
7647,349
7648,773
7649,192
8208,251
8209,549
8210,116
8211,429
8212,1012
8213,207
8214,412
8215,866
8216,205
8217,732
8218,1583
8219,377
8220,270
8221,691
8222,150
8223,495
8224,1098
8225,280
8226,294
8227,620
8228,138
8229,516
8230,1115
8231,241
8232,427
8233,1040
8234,250
8235,823
8236,1749
8237,416
8238,331
8239,727
8240,169
8241,526
8242,1244
8243,286
8244,267
8245,566
8246,124
8247,465
8248,1036
8249,225
8250,402
8251,929
8252,217
8253,733
8254,1584
8255,351
8256,285
8257,672
8258,153
8259,517
8260,1114
8261,275
8262,188
8263,396
8264,97
8265,322
8266,766
8267,177
8268,277
8269,629
8270,155
8271,542
8272,1122
8273,282
8274,215
8275,479
8276,116
8277,412
8278,828
8279,206
8280,191
8281,401
8282,91
8283,307
8284,712
8285,159
8286,282
8287,623
8288,145
8289,480
8290,1093
8291,275
8292,184
8293,452
8294,103
8295,348
8296,831
8297,198
8298,176
8299,349
8300,80
8301,284
8302,665
8303,162
8304,261
8305,622
8306,136
8307,496
8308,979
8309,244
8310,204
8311,450
8312,96
8313,370
8314,751
8315,188
8316,162
8317,357
8318,88
8319,279
8320,640
8321,158
8322,244
8323,625
8324,146
8325,480
8326,975
8327,248
8328,201
8329,418
8330,103
8331,334
8332,821
8333,189
8334,180
8335,372
8336,94
8337,286
8338,642
8339,147
8340,273
8341,586
8342,148
8343,512
8344,1026
8345,268
8346,211
8347,499
8348,113
8349,385
8350,740
8351,189
8352,203
8353,486
8354,106
8355,340
8356,808
8357,196
8358,318
8359,733
8360,168
8361,614
8362,1319
8363,302
8364,245
8365,527
8366,127
8367,432
8368,893
8369,232
8370,197
8371,450
8372,108
8373,372
8374,823
8375,177
8376,307
8377,730
8378,167
8379,601
8380,1283
8381,316
8382,249
8383,538
8384,136
8385,425
8386,1010
8387,215
8388,166
8389,400
8390,88
8391,265
8392,657
8393,151
8394,235
8395,612
8396,138
8397,481
8398,1029
8399,233
8400,194
8401,404
8402,104
8403,340
8404,806
8405,196
8406,156
8407,391
8408,89
8409,285
8410,643
8411,145
8412,273
8413,617
8414,147
8415,451
8416,1022
8417,234
8418,217
8419,437
8420,106
8421,328
8422,755
8423,182
8424,174
8425,363
8426,90
8427,309
8428,601
8429,144
8430,272
8431,585
8432,141
8433,444
8434,1075
8435,242
8436,195
8437,429
8438,101
8439,353
8440,712
8441,180
8442,172
8443,361
8444,90
8445,288
8446,616
8447,150
8448,255
8449,573
8450,143
8451,466
8452,946
8453,256
8454,182
8455,436
8456,102
8457,352
8458,796
8459,184
8460,165
8461,391
8462,88
8463,277
8464,671
8465,159
8466,290
8467,553
8468,134
8469,517
8470,1080
8471,281
8472,197
8473,443
8474,107
8475,345
8476,844
8477,175
8478,213
8479,470
8480,119
8481,351
8482,791
8483,180
8484,306
8485,752
8486,150
8487,560
8488,1393
8489,292
8490,255
8491,555
8492,126
8493,412
8494,954
8495,211
8496,201
8497,461
8498,111
8499,383
8500,805
8501,178
8502,315
8503,669
8504,184
8505,526
8506,1415
8507,301
8508,238
8509,577
8510,126
8511,420
8512,858
8513,208
8514,147
8515,353
8516,89
8517,291
8518,613
8519,146
8520,256
8521,587
8522,139
8523,471
8524,1027
8525,236
8526,181
8527,423
8528,110
8529,329
8530,707
8531,175
8532,162
8533,345
8534,77
8535,269
8536,666
8537,157
8538,286
8539,640
8540,142
8541,472
8542,954
8543,232
8544,196
8545,422
8546,113
8547,329
8548,764
8549,176
8550,154
8551,379
8552,96
8553,292
8554,660
8555,144
8556,261
8557,569
8558,145
8559,470
8560,1090
8561,241
8562,185
8563,414
8564,107
8565,353
8566,765
8567,173
8568,144
8569,367
8570,88
8571,290
8572,645
8573,140
8574,269
8575,603
8576,120
8577,459
8578,1024
8579,236
8580,199
8581,413
8582,95
8583,326
8584,750
8585,178
8586,169
8587,394
8588,94
8589,288
8590,558
8591,152
8592,263
8593,639
8594,157
8595,484
8596,1046
8597,246
8598,211
8599,428
8600,101
8601,364
8602,809
8603,196
8604,212
8605,457
8606,117
8607,330
8608,734
8609,202
8610,307
8611,696
8612,162
8613,573
8614,1273
8615,321
8616,258
8617,547
8618,132
8619,375
8620,991
8621,219
8622,207
8623,459
8624,103
8625,349
8626,866
8627,193
8628,324
8629,709
8630,164
8631,551
8632,1311
8633,306
8634,252
8635,506
8636,126
8637,423
8638,1041
8639,234
8640,156
8641,378
8642,85
8643,285
8644,642
8645,151
8646,228
8647,576
8648,141
8649,464
8650,956
8651,237
8652,189
8653,474
8654,100
8655,317
8656,747
8657,170
8658,143
8659,341
8660,89
8661,290
8662,647
8663,163
8664,263
8665,578
8666,139
8667,450
8668,1068
8669,233
8670,184
8671,397
8672,105
8673,336
8674,775
8675,178
8676,164
8677,359
8678,79
8679,301
8680,656
8681,147
8682,258
8683,570
8684,128
8685,451
8686,959
8687,257
8688,188
8689,460
8690,103
8691,322
8692,789
8693,167
8694,148
8695,390
8696,87
8697,274
8698,642
8699,151
8700,232
8701,574
8702,140
8703,479
8704,1090
8705,251
8706,186
8707,456
8708,100
8709,299
8710,756
8711,166
8712,159
8713,379
8714,90
8715,300
8716,640
8717,164
8718,286
8719,617
8720,139
8721,466
8722,1090
8723,253
8724,188
8725,476
8726,105
8727,327
8728,806
8729,189
8730,196
8731,463
8732,104
8733,348
8734,788
8735,197
8736,356
8737,693
8738,183
8739,505
8740,1179
8741,290
8742,227
8743,544
8744,136
8745,371
8746,941
8747,218
9306,127
9307,304
9308,85
9309,272
9310,588
9311,157
9312,242
9313,491
9314,142
9315,422
9316,790
9317,248
9318,172
9319,390
9320,106
9321,280
9322,630
9323,182
9324,138
9325,337
9326,82
9327,235
9328,581
9329,143
9330,263
9331,580
9332,139
9333,384
9334,945
9335,251
9336,162
9337,411
9338,96
9339,302
9340,714
9341,168
9342,148
9343,357
9344,92
9345,267
9346,594
9347,153
9348,241
9349,572
9350,141
9351,452
9352,1012
9353,270
9354,184
9355,460
9356,112
9357,329
9358,734
9359,202
9360,184
9361,406
9362,101
9363,315
9364,711
9365,189
9366,306
9367,719
9368,177
9369,490
9370,1122
9371,285
9372,201
9373,496
9374,113
9375,396
9376,875
9377,218
9378,186
9379,397
9380,108
9381,316
9382,738
9383,200
9384,311
9385,705
9386,162
9387,484
9388,1133
9389,295
9390,224
9391,494
9392,126
9393,400
9394,875
9395,221
9396,146
9397,353
9398,91
9399,245
9400,573
9401,158
9402,225
9403,510
9404,139
9405,397
9406,963
9407,259
9408,167
9409,390
9410,97
9411,315
9412,698
9413,175
9414,155
9415,305
9416,89
9417,244
9418,563
9419,150
9420,206
9421,509
9422,143
9423,417
9424,903
9425,248
9426,182
9427,403
9428,99
9429,336
9430,627
9431,178
9432,133
9433,358
9434,85
9435,266
9436,518
9437,149
9438,236
9439,517
9440,134
9441,437
9442,922
9443,250
9444,176
9445,421
9446,111
9447,338
9448,797
9449,179
9450,146
9451,314
9452,81
9453,253
9454,550
9455,150
9456,230
9457,548
9458,143
9459,414
9460,934
9461,236
9462,202
9463,448
9464,125
9465,371
9466,844
9467,210
9468,148
9469,353
9470,91
9471,236
9472,586
9473,154
9474,248
9475,576
9476,149
9477,429
9478,996
9479,251
9480,196
9481,480
9482,129
9483,390
9484,791
9485,229
9486,180
9487,394
9488,107
9489,321
9490,711
9491,178
9492,298
9493,672
9494,174
9495,533
9496,1133
9497,287
9498,235
9499,560
9500,155
9501,400
9502,953
9503,255
9504,189
9505,404
9506,112
9507,342
9508,665
9509,173
9510,317
9511,666
9512,171
9513,565
9514,1152
9515,316
9516,240
9517,529
9518,150
9519,398
9520,900
9521,269
9522,146
9523,341
9524,88
9525,249
9526,612
9527,149
9528,237
9529,517
9530,137
9531,449
9532,840
9533,266
9534,186
9535,388
9536,107
9537,309
9538,684
9539,198
9540,137
9541,314
9542,84
9543,249
9544,591
9545,136
9546,248
9547,514
9548,139
9549,407
9550,860
9551,243
9552,167
9553,411
9554,94
9555,292
9556,749
9557,189
9558,148
9559,326
9560,81
9561,252
9562,564
9563,156
9564,243
9565,526
9566,126
9567,409
9568,934
9569,236
9570,186
9571,376
9572,94
9573,308
9574,647
9575,163
9576,146
9577,308
9578,83
9579,260
9580,576
9581,159
9582,237
9583,454
9584,143
9585,410
9586,838
9587,232
9588,181
9589,389
9590,110
9591,327
9592,675
9593,161
9594,135
9595,328
9596,89
9597,268
9598,615
9599,163
9600,261
9601,511
9602,149
9603,418
9604,1006
9605,272
9606,174
9607,400
9608,103
9609,301
9610,694
9611,177
9612,192
9613,369
9614,103
9615,318
9616,689
9617,162
9618,278
9619,709
9620,180
9621,451
9622,1137
9623,296
9624,213
9625,467
9626,127
9627,359
9628,753
9629,217
9630,183
9631,383
9632,106
9633,348
9634,647
9635,192
9636,281
9637,638
9638,185
9639,492
9640,1101
9641,281
9642,213
9643,490
9644,127
9645,369
9646,837
9647,238
9648,126
9649,326
9650,84
9651,257
9652,576
9653,142
9654,225
9655,551
9656,145
9657,406
9658,887
9659,258
9660,167
9661,367
9662,100
9663,306
9664,645
9665,170
9666,137
9667,319
9668,80
9669,243
9670,594
9671,135
9672,224
9673,476
9674,145
9675,411
9676,843
9677,227
9678,172
9679,400
9680,103
9681,317
9682,649
9683,185
9684,145
9685,292
9686,76
9687,253
9688,538
9689,148
9690,201
9691,484
9692,142
9693,377
9694,815
9695,243
9696,159
9697,367
9698,111
9699,314
9700,612
9701,168
9702,138
9703,332
9704,81
9705,271
9706,513
9707,156
9708,216
9709,485
9710,150
9711,366
9712,847
9713,241
9714,164
9715,378
9716,101
9717,294
9718,649
9719,189
9720,153
9721,320
9722,90
9723,251
9724,552
9725,177
9726,266
9727,534
9728,160
9729,429
9730,886
9731,254
9732,179
9733,412
9734,108
9735,309
9736,684
9737,175
9738,200
9739,412
9740,116
9741,326
9742,704
9743,195
9744,267
9745,648
9746,166
9747,477
9748,1135
9749,315
9750,219
9751,495
9752,135
9753,383
9754,822
9755,228
9756,196
9757,422
9758,124
9759,319
9760,784
9761,211
9762,292
9763,568
9764,177
9765,534
9766,1090
9767,294
9768,261
9769,454
9770,146
9771,380
9772,851
9773,222
9774,187
9775,349
9776,95
9777,297
9778,615
9779,184
9780,211
9781,509
9782,138
9783,402
9784,907
9785,253
9786,194
9787,438
9788,120
9789,349
9790,740
9791,206
9792,178
9793,395
9794,116
9795,325
9796,676
9797,184
9798,209
9799,489
9800,142
9801,382
9802,776
9803,246
9804,212
9805,485
9806,132
9807,406
9808,838
9809,234
9810,203
9811,449
9812,115
9813,325
9814,729
9815,195
9816,223
9817,475
9818,133
9819,398
9820,850
9821,225
9822,224
9823,467
9824,142
9825,390
9826,813
9827,236
9828,183
9829,372
9830,106
9831,330
9832,650
9833,176
9834,220
9835,492
9836,145
9837,414
9838,858
9839,225
9840,230
9841,462
9842,132
9843,359
9844,795
9845,234
10404,138
10405,279
10406,89
10407,275
10408,419
10409,148
10410,239
10411,410
10412,137
10413,403
10414,738
10415,238
10416,177
10417,309
10418,94
10419,285
10420,591
10421,170
10422,148
10423,251
10424,89
10425,279
10426,457
10427,150
10428,238
10429,402
10430,136
10431,409
10432,742
10433,258
10434,183
10435,337
10436,110
10437,312
10438,541
10439,181
10440,149
10441,264
10442,88
10443,275
10444,476
10445,155
10446,245
10447,429
10448,138
10449,373
10450,769
10451,228
10452,176
10453,302
10454,100
10455,326
10456,538
10457,176
10458,140
10459,265
10460,85
10461,251
10462,471
10463,128
10464,244
10465,419
10466,125
10467,419
10468,745
10469,254
10470,151
10471,311
10472,104
10473,319
10474,578
10475,185
10476,161
10477,304
10478,84
10479,247
10480,478
10481,156
10482,249
10483,428
10484,155
10485,397
10486,702
10487,254
10488,170
10489,324
10490,108
10491,329
10492,677
10493,183
10494,189
10495,327
10496,94
10497,317
10498,582
10499,181
10500,288
10501,514
10502,164
10503,542
10504,996
10505,311
10506,238
10507,384
10508,135
10509,381
10510,625
10511,238
10512,199
10513,339
10514,106
10515,336
10516,580
10517,189
10518,280
10519,543
10520,170
10521,524
10522,868
10523,301
10524,238
10525,374
10526,123
10527,362
10528,691
10529,225
10530,162
10531,255
10532,89
10533,239
10534,482
10535,151
10536,235
10537,371
10538,147
10539,425
10540,739
10541,247
10542,178
10543,325
10544,103
10545,308
10546,533
10547,163
10548,161
10549,255
10550,95
10551,268
10552,454
10553,168
10554,238
10555,416
10556,133
10557,433
10558,641
10559,226
10560,178
10561,301
10562,104
10563,328
10564,536
10565,190
10566,157
10567,279
10568,82
10569,237
10570,447
10571,146
10572,253
10573,411
10574,142
10575,448
10576,759
10577,242
10578,181
10579,291
10580,109
10581,278
10582,540
10583,188
10584,141
10585,260
10586,80
10587,265
10588,476
10589,147
10590,224
10591,402
10592,150
10593,439
10594,736
10595,221
10596,179
10597,304
10598,103
10599,307
10600,536
10601,170
10602,165
10603,275
10604,101
10605,283
10606,465
10607,163
10608,249
10609,498
10610,146
10611,405
10612,820
10613,270
10614,186
10615,328
10616,103
10617,325
10618,569
10619,206
10620,193
10621,338
10622,111
10623,347
10624,551
10625,192
10626,277
10627,465
10628,180
10629,519
10630,934
10631,319
10632,210
10633,402
10634,124
10635,414
10636,640
10637,231
10638,190
10639,351
10640,105
10641,332
10642,569
10643,188
10644,292
10645,539
10646,168
10647,503
10648,972
10649,318
10650,202
10651,346
10652,137
10653,416
10654,707
10655,220
10656,152
10657,232
10658,78
10659,271
10660,427
10661,152
10662,256
10663,417
10664,125
10665,423
10666,732
10667,245
10668,176
10669,289
10670,106
10671,315
10672,530
10673,159
10674,154
10675,274
10676,87
10677,256
10678,450
10679,162
10680,240
10681,411
10682,141
10683,453
10684,656
10685,229
10686,179
10687,301
10688,110
10689,308
10690,563
10691,172
10692,140
10693,251
10694,84
10695,251
10696,443
10697,147
10698,238
10699,411
10700,147
10701,436
10702,709
10703,237
10704,168
10705,299
10706,102
10707,304
10708,511
10709,180
10710,139
10711,242
10712,88
10713,272
10714,468
10715,147
10716,246
10717,419
10718,135
10719,376
10720,754
10721,235
10722,181
10723,292
10724,98
10725,303
10726,504
10727,185
10728,167
10729,250
10730,90
10731,256
10732,454
10733,140
10734,256
10735,391
10736,146
10737,455
10738,736
10739,260
10740,184
10741,321
10742,110
10743,341
10744,526
10745,178
10746,185
10747,326
10748,113
10749,331
10750,520
10751,169
10752,312
10753,537
10754,176
10755,520
10756,853
10757,332
10758,220
10759,405
10760,118
10761,391
10762,681
10763,239
10764,180
10765,303
10766,103
10767,343
10768,572
10769,185
10770,308
10771,441
10772,193
10773,534
10774,866
10775,312
10776,230
10777,382
10778,134
10779,440
10780,604
10781,210
10782,145
10783,245
10784,91
10785,272
10786,488
10787,145
10788,237
10789,381
10790,131
10791,415
10792,716
10793,220
10794,173
10795,296
10796,105
10797,297
10798,522
10799,191
10800,155
10801,239
10802,91
10803,254
10804,450
10805,148
10806,256
10807,393
10808,145
10809,424
10810,719
10811,228
10812,184
10813,287
10814,104
10815,325
10816,511
10817,172
10818,164
10819,245
10820,87
10821,278
10822,427
10823,153
10824,252
10825,418
10826,141
10827,440
10828,680
10829,214
10830,191
10831,305
10832,93
10833,343
10834,481
10835,183
10836,165
10837,262
10838,84
10839,278
10840,447
10841,142
10842,241
10843,374
10844,133
10845,416
10846,690
10847,252
10848,199
10849,291
10850,101
10851,312
10852,557
10853,176
10854,178
10855,280
10856,87
10857,298
10858,468
10859,153
10860,240
10861,433
10862,144
10863,481
10864,717
10865,245
10866,199
10867,323
10868,104
10869,321
10870,523
10871,184
10872,209
10873,330
10874,107
10875,303
10876,532
10877,179
10878,299
10879,522
10880,157
10881,536
10882,915
10883,290
10884,230
10885,370
10886,136
10887,429
10888,671
10889,236
10890,189
10891,288
10892,113
10893,322
10894,512
10895,192
10896,312
10897,529
10898,175
10899,545
10900,893
10901,296
10902,241
10903,362
10904,116
10905,363
10906,657
10907,203
10908,137
10909,243
10910,80
10911,288
10912,447
10913,157
10914,245
10915,410
10916,136
10917,405
10918,712
10919,248
10920,196
10921,313
10922,106
10923,339
10924,524
10925,169
10926,167
10927,234
10928,83
10929,249
10930,436
10931,148
10932,230
10933,384
10934,142
10935,476
10936,697
10937,248
10938,189
10939,298
10940,105
10941,329
10942,502
10943,191
10944,158
10945,260
10946,81
10947,279
10948,411
10949,150
10950,270
10951,396
10952,132
10953,457
10954,642
10955,258
10956,190
10957,291
10958,111
10959,329
10960,566
10961,184
13716,222
13717,324
13718,93
13719,372
13720,664
13721,167
13722,328
13723,557
13724,156
13725,624
13726,1004
13727,238
13728,236
13729,423
13730,100
13731,418
13732,773
13733,187
13734,206
13735,368
13736,93
13737,368
13738,604
13739,169
13740,352
13741,595
13742,141
13743,560
13744,1054
13745,270
13746,230
13747,467
13748,99
13749,382
13750,719
13751,187
13752,222
13753,372
13754,96
13755,340
13756,687
13757,169
13758,356
13759,607
13760,157
13761,599
13762,1050
13763,258
13764,234
13765,466
13766,110
13767,473
13768,737
13769,220
13770,262
13771,489
13772,120
13773,452
13774,769
13775,210
13776,440
13777,699
13778,204
13779,724
13780,1291
13781,323
13782,312
13783,570
13784,128
13785,491
13786,991
13787,234
13788,251
13789,436
13790,116
13791,440
13792,764
13793,196
13794,431
13795,646
13796,173
13797,725
13798,1345
13799,332
13800,305
13801,532
13802,128
13803,498
13804,961
13805,224
13806,204
13807,360
13808,98
13809,360
13810,632
13811,161
13812,322
13813,566
13814,145
13815,613
13816,1052
13817,265
13818,243
13819,430
13820,101
13821,394
13822,764
13823,169
13824,204
13825,357
13826,92
13827,377
13828,607
13829,160
13830,323
13831,592
13832,149
13833,573
13834,1064
13835,272
13836,219
13837,391
13838,105
13839,412
13840,764
13841,182
13842,190
13843,395
13844,96
13845,367
13846,629
13847,166
13848,311
13849,559
13850,147
13851,553
13852,1094
13853,232
13854,215
13855,446
13856,101
13857,390
13858,739
13859,172
13860,211
13861,337
13862,99
13863,338
13864,633
13865,172
13866,347
13867,512
13868,152
13869,574
13870,1096
13871,246
13872,223
13873,393
13874,109
13875,427
13876,715
13877,177
13878,212
13879,379
13880,89
13881,383
13882,630
13883,170
13884,333
13885,685
13886,147
13887,588
13888,1017
13889,247
13890,234
13891,445
13892,118
13893,408
13894,736
13895,199
13896,249
13897,446
13898,122
13899,461
13900,767
13901,219
13902,437
13903,796
13904,193
13905,740
13906,1133
13907,333
13908,321
13909,511
13910,119
13911,508
13912,968
13913,236
13914,266
13915,510
13916,127
13917,421
13918,823
13919,204
13920,417
13921,767
13922,167
13923,713
13924,1320
13925,306
13926,279
13927,540
13928,130
13929,511
13930,1045
13931,228
13932,196
13933,346
13934,95
13935,356
13936,650
13937,144
13938,335
13939,578
13940,156
13941,556
13942,983
13943,266
13944,244
13945,462
13946,110
13947,422
13948,801
13949,180
13950,189
13951,381
13952,91
13953,375
13954,702
13955,158
13956,308
13957,615
13958,160
13959,599
13960,1120
13961,268
13962,244
13963,423
13964,106
13965,389
13966,765
13967,171
13968,200
13969,376
13970,93
13971,302
13972,666
13973,163
13974,311
13975,637
13976,149
13977,605
13978,1093
13979,265
13980,244
13981,440
13982,110
13983,433
13984,754
13985,190
13986,209
13987,363
13988,99
13989,360
13990,650
13991,145
13992,358
13993,608
13994,147
13995,601
13996,1041
13997,273
13998,239
13999,448
14000,99
14001,399
14002,754
14003,188
14004,214
14005,382
14006,99
14007,352
14008,688
14009,186
14010,337
14011,645
14012,152
14013,645
14014,1115
14015,284
14016,246
14017,424
14018,111
14019,446
14020,833
14021,208
14022,243
14023,489
14024,108
14025,444
14026,876
14027,206
14028,435
14029,795
14030,191
14031,741
14032,1339
14033,327
14034,305
14035,536
14036,123
14037,530
14038,938
14039,228
14040,264
14041,473
14042,112
14043,425
14044,819
14045,226
14046,423
14047,785
14048,197
14049,719
14050,1290
14051,304
14052,292
14053,495
14054,138
14055,514
14056,968
14057,233
14058,208
14059,381
14060,99
14061,362
14062,643
14063,173
14064,291
14065,602
14066,150
14067,576
14068,1116
14069,264
14070,236
14071,435
14072,112
14073,417
14074,774
14075,194
14076,204
14077,360
14078,93
14079,367
14080,636
14081,171
14082,323
14083,601
14084,136
14085,524
14086,1084
14087,273
14088,211
14089,470
14090,104
14091,396
14092,751
14093,191
14094,191
14095,369
14096,91
14097,320
14098,626
14099,166
14100,336
14101,628
14102,148
14103,585
14104,1154
14105,247
14106,236
14107,429
14108,105
14109,405
14110,742
14111,182
14112,192
14113,394
14114,92
14115,347
14116,659
14117,172
14118,287
14119,606
14120,149
14121,567
14122,1105
14123,260
14124,244
14125,482
14126,114
14127,399
14128,807
14129,169
14130,237
14131,406
14132,94
14133,362
14134,667
14135,174
14136,363
14137,689
14138,158
14139,609
14140,1121
14141,276
14142,246
14143,443
14144,120
14145,416
14146,770
14147,189
14148,235
14149,470
14150,112
14151,420
14152,851
14153,208
14154,395
14155,870
14156,191
14157,700
14158,1424
14159,321
14160,300
14161,592
14162,133
14163,515
14164,1009
14165,223
14166,254
14167,443
14168,122
14169,439
14170,873
14171,212
14172,448
14173,820
14174,173
14175,733
14176,1343
14177,329
14178,256
14179,522
14180,134
14181,462
14182,943
14183,225
14184,204
14185,389
14186,89
14187,358
14188,670
14189,167
14190,314
14191,600
14192,154
14193,552
14194,1061
14195,259
14196,230
14197,430
14198,94
14199,364
14200,743
14201,193
14202,203
14203,385
14204,88
14205,338
14206,674
14207,153
14208,312
14209,605
14210,139
14211,566
14212,1086
14213,275
14214,210
14215,449
14216,107
14217,389
14218,815
14219,197
14778,228
14779,478
14780,111
14781,393
14782,800
14783,220
14784,352
14785,748
14786,187
14787,683
14788,1484
14789,353
14790,278
14791,582
14792,132
14793,469
14794,1025
14795,241
14796,234
14797,523
14798,122
14799,418
14800,768
14801,185
14802,391
14803,873
14804,188
14805,684
14806,1321
14807,304
14808,269
14809,561
14810,126
14811,440
14812,981
14813,252
14814,184
14815,408
14816,90
14817,319
14818,682
14819,156
14820,275
14821,668
14822,157
14823,513
14824,1130
14825,270
14826,225
14827,449
14828,116
14829,347
14830,781
14831,191
14832,187
14833,390
14834,94
14835,348
14836,656
14837,165
14838,293
14839,697
14840,152
14841,543
14842,1193
14843,269
14844,230
14845,462
14846,108
14847,383
14848,781
14849,180
14850,169
14851,386
14852,99
14853,314
14854,679
14855,161
14856,279
14857,670
14858,157
14859,562
14860,1173
14861,258
14862,205
14863,439
14864,100
14865,360
14866,758
14867,175
14868,189
14869,380
14870,95
14871,305
14872,694
14873,143
14874,300
14875,657
14876,150
14877,534
14878,1136
14879,253
14880,225
14881,479
14882,118
14883,350
14884,769
14885,192
14886,193
14887,431
14888,108
14889,345
14890,739
14891,172
14892,315
14893,665
14894,153
14895,542
14896,1228
14897,287
14898,211
14899,471
14900,108
14901,395
14902,866
14903,203
14904,225
14905,429
14906,107
14907,382
14908,870
14909,205
14910,403
14911,838
14912,175
14913,640
14914,1397
14915,316
14916,242
14917,577
14918,129
14919,469
14920,885
14921,237
14922,229
14923,485
14924,111
14925,407
14926,891
14927,188
14928,388
14929,834
14930,189
14931,633
14932,1414
14933,297
14934,269
14935,591
14936,137
14937,451
14938,953
14939,207
14940,174
14941,416
14942,86
14943,335
14944,692
14945,152
14946,274
14947,682
14948,163
14949,478
14950,1007
14951,267
14952,195
14953,508
14954,108
14955,375
14956,769
14957,188
14958,178
14959,421
14960,95
14961,321
14962,712
14963,162
14964,302
14965,657
14966,142
14967,574
14968,1107
14969,245
14970,217
14971,443
14972,116
14973,362
14974,805
14975,182
14976,172
14977,400
14978,90
14979,303
14980,748
14981,172
14982,283
14983,625
14984,153
14985,498
14986,1082
14987,286
14988,224
14989,413
14990,96
14991,357
14992,854
14993,203
14994,182
14995,399
14996,98
14997,309
14998,657
14999,159
15000,322
15001,616
15002,163
15003,504
15004,1099
15005,246
15006,223
15007,430
15008,114
15009,350
15010,744
15011,198
15012,198
15013,402
15014,93
15015,318
15016,738
15017,188
15018,314
15019,690
15020,164
15021,553
15022,1278
15023,274
15024,218
15025,501
15026,109
15027,354
15028,816
15029,220
15030,216
15031,530
15032,123
15033,401
15034,881
15035,210
15036,398
15037,973
15038,206
15039,688
15040,1536
15041,398
15042,273
15043,623
15044,135
15045,461
15046,1007
15047,254
15048,232
15049,560
15050,125
15051,446
15052,890
15053,229
15054,408
15055,1014
15056,222
15057,784
15058,1737
15059,411
15060,287
15061,604
15062,143
15063,532
15064,1043
15065,267
15066,215
15067,469
15068,111
15069,383
15070,707
15071,202
15072,386
15073,867
15074,213
15075,627
15076,1406
15077,372
15078,237
15079,569
15080,126
15081,431
15082,923
15083,221
15084,207
15085,532
15086,120
15087,378
15088,881
15089,205
15090,434
15091,849
15092,207
15093,700
15094,1559
15095,404
15096,224
15097,564
15098,140
15099,419
15100,1001
15101,239
15102,233
15103,521
15104,130
15105,416
15106,1006
15107,219
15108,392
15109,1003
15110,234
15111,733
15112,1689
15113,397
15114,297
15115,690
15116,135
15117,483
15118,1103
15119,269
15120,233
15121,514
15122,129
15123,417
15124,906
15125,202
15126,445
15127,986
15128,224
15129,679
15130,1592
15131,393
15132,268
15133,657
15134,149
15135,454
15136,1195
15137,265
15138,252
15139,555
15140,123
15141,470
15142,1000
15143,228
15144,445
15145,926
15146,209
15147,760
15148,1616
15149,394
15150,283
15151,644
15152,150
15153,511
15154,1150
15155,259
15156,285
15157,642
15158,147
15159,504
15160,1125
15161,262
15162,474
15163,1048
15164,250
15165,758
15166,1777
15167,425
15168,315
15169,729
15170,170
15171,535
15172,1267
15173,304
15174,276
15175,636
15176,141
15177,443
15178,941
15179,246
15180,434
15181,947
15182,218
15183,691
15184,1693
15185,378
15186,288
15187,660
15188,167
15189,554
15190,1273
15191,279
15192,198
15193,483
15194,103
15195,346
15196,748
15197,196
15198,323
15199,697
15200,165
15201,541
15202,1326
15203,304
15204,202
15205,516
15206,118
15207,403
15208,919
15209,216
15210,168
15211,424
15212,90
15213,321
15214,739
15215,168
15216,316
15217,677
15218,183
15219,489
15220,1117
15221,267
15222,215
15223,451
15224,113
15225,350
15226,770
15227,193
15228,160
15229,426
15230,90
15231,301
15232,658
15233,180
15234,261
15235,613
15236,148
15237,533
15238,1129
15239,252
15240,216
15241,487
15242,110
15243,339
15244,791
15245,197
15246,165
15247,406
15248,93
15249,313
15250,735
15251,168
15252,287
15253,641
15254,148
15255,529
15256,1251
15257,240
15258,203
15259,468
15260,111
15261,358
15262,869
15263,186
15264,183
15265,410
15266,101
15267,316
15268,787
15269,167
15270,275
15271,681
15272,161
15273,505
15274,1226
15275,275
15276,222
15277,467
15278,109
15279,333
15280,822
15281,192
15282,205
15283,484
15284,125
15285,373
15286,822
15287,193
15288,340
15289,800
15290,191
15291,614
15292,1396
15293,294
15294,261
15295,599
15296,141
15297,423
15298,962
15299,253
15300,224
15301,467
15302,115
15303,371
15304,834
15305,216
15306,358
15307,761
15308,182
15309,591
15310,1397
15311,353
15312,269
15313,552
15314,130
15315,416
15316,1046
15317,242
15876,172
15877,381
15878,107
15879,291
15880,679
15881,180
15882,277
15883,626
15884,161
15885,505
15886,1052
15887,307
15888,195
15889,478
15890,110
15891,343
15892,702
15893,211
15894,167
15895,382
15896,100
15897,282
15898,639
15899,173
15900,269
15901,636
15902,159
15903,490
15904,975
15905,276
15906,202
15907,490
15908,116
15909,349
15910,772
15911,211
15912,219
15913,438
15914,117
15915,359
15916,723
15917,207
15918,311
15919,731
15920,206
15921,602
15922,1299
15923,339
15924,239
15925,531
15926,141
15927,427
15928,1029
15929,242
15930,227
15931,470
15932,115
15933,366
15934,857
15935,219
15936,323
15937,730
15938,180
15939,529
15940,1285
15941,365
15942,214
15943,568
15944,145
15945,422
15946,973
15947,229
15948,152
15949,329
15950,98
15951,262
15952,632
15953,159
15954,265
15955,613
15956,165
15957,481
15958,1020
15959,280
15960,195
15961,412
15962,114
15963,310
15964,692
15965,192
15966,168
15967,392
15968,109
15969,310
15970,687
15971,182
15972,304
15973,656
15974,151
15975,484
15976,1098
15977,297
15978,194
15979,472
15980,113
15981,359
15982,783
15983,198
15984,183
15985,373
15986,107
15987,302
15988,741
15989,184
15990,291
15991,630
15992,189
15993,549
15994,1213
15995,325
15996,201
15997,486
15998,118
15999,396
16000,821
16001,203
16002,205
16003,418
16004,106
16005,329
16006,657
16007,193
16008,312
16009,780
16010,202
16011,551
16012,1275
16013,359
16014,210
16015,503
16016,137
16017,399
16018,862
16019,224
16020,203
16021,421
16022,105
16023,312
16024,690
16025,210
16026,351
16027,802
16028,217
16029,552
16030,1304
16031,358
16032,246
16033,541
16034,151
16035,408
16036,992
16037,255
16038,223
16039,506
16040,131
16041,384
16042,901
16043,245
16044,389
16045,852
16046,261
16047,700
16048,1530
16049,394
16050,275
16051,717
16052,169
16053,518
16054,1162
16055,324
16056,225
16057,468
16058,118
16059,380
16060,804
16061,229
16062,406
16063,819
16064,218
16065,664
16066,1377
16067,383
16068,293
16069,635
16070,160
16071,482
16072,1179
16073,275
16074,163
16075,360
16076,96
16077,289
16078,596
16079,162
16080,273
16081,614
16082,164
16083,504
16084,1084
16085,328
16086,216
16087,493
16088,124
16089,361
16090,928
16091,204
16092,152
16093,355
16094,84
16095,268
16096,612
16097,171
16098,242
16099,627
16100,158
16101,449
16102,1037
16103,279
16104,209
16105,411
16106,111
16107,355
16108,732
16109,204
16110,150
16111,349
16112,95
16113,273
16114,584
16115,156
16116,264
16117,614
16118,151
16119,466
16120,990
16121,255
16122,174
16123,427
16124,101
16125,319
16126,806
16127,195
16128,166
16129,333
16130,92
16131,259
16132,562
16133,152
16134,259
16135,588
16136,152
16137,452
16138,966
16139,259
16140,177
16141,426
16142,111
16143,319
16144,753
16145,195
16146,170
16147,367
16148,94
16149,287
16150,640
16151,174
16152,256
16153,573
16154,148
16155,500
16156,1045
16157,262
16158,201
16159,392
16160,119
16161,356
16162,706
16163,190
16164,233
16165,419
16166,110
16167,341
16168,773
16169,193
16170,313
16171,656
16172,185
16173,584
16174,1177
16175,311
16176,225
16177,515
16178,151
16179,388
16180,863
16181,231
16182,193
16183,455
16184,118
16185,323
16186,681
16187,215
16188,318
16189,721
16190,193
16191,538
16192,1251
16193,303
16194,225
16195,486
16196,127
16197,390
16198,864
16199,231
16200,160
16201,327
16202,91
16203,264
16204,601
16205,174
16206,242
16207,599
16208,144
16209,448
16210,883
16211,288
16212,173
16213,401
16214,101
16215,309
16216,652
16217,176
16218,166
16219,340
16220,94
16221,276
16222,568
16223,153
16224,242
16225,528
16226,147
16227,474
16228,968
16229,269
16230,169
16231,396
16232,108
16233,341
16234,765
16235,190
16236,159
16237,313
16238,91
16239,262
16240,587
16241,163
16242,229
16243,514
16244,149
16245,441
16246,901
16247,267
16248,186
16249,413
16250,105
16251,301
16252,656
16253,188
16254,165
16255,333
16256,90
16257,265
16258,596
16259,157
16260,244
16261,573
16262,152
16263,427
16264,936
16265,269
16266,181
16267,405
16268,99
16269,348
16270,677
16271,183
16272,163
16273,340
16274,102
16275,281
16276,583
16277,156
16278,263
16279,557
16280,159
16281,468
16282,992
16283,273
16284,176
16285,387
16286,114
16287,331
16288,703
16289,200
16290,213
16291,467
16292,125
16293,378
16294,807
16295,225
16296,290
16297,687
16298,188
16299,569
16300,1182
16301,312
16302,253
16303,500
16304,147
16305,416
16306,847
16307,246
16308,201
16309,466
16310,138
16311,333
16312,809
16313,231
16314,342
16315,630
16316,189
16317,548
16318,1213
16319,340
16320,252
16321,546
16322,140
16323,412
16324,954
16325,253
16326,182
16327,376
16328,107
16329,300
16330,682
16331,198
16332,263
16333,534
16334,146
16335,459
16336,901
16337,262
16338,221
16339,470
16340,121
16341,376
16342,828
16343,243
16344,203
16345,412
16346,118
16347,344
16348,776
16349,208
16350,246
16351,580
16352,152
16353,450
16354,975
16355,273
16356,234
16357,461
16358,143
16359,405
16360,836
16361,227
16362,189
16363,424
16364,118
16365,349
16366,772
16367,206
16368,243
16369,531
16370,145
16371,440
16372,955
16373,278
16374,239
16375,517
16376,156
16377,401
16378,856
16379,221
16380,207
16381,436
16382,130
16383,336
16384,727
16385,195
16386,246
16387,536
16388,153
16389,447
16390,970
16391,266
16392,242
16393,515
16394,138
16395,445
16396,787
16397,253
16398,198
16399,396
16400,114
16401,335
16402,713
16403,199
16404,280
16405,570
16406,154
16407,467
16408,970
16409,269
16410,223
16411,458
16412,134
16413,411
16414,843
16415,232
16974,161
16975,286
16976,92
16977,250
16978,536
16979,174
16980,282
16981,454
16982,143
16983,477
16984,779
16985,260
16986,189
16987,347
16988,104
16989,306
16990,636
16991,194
16992,172
16993,320
16994,92
16995,315
16996,503
16997,160
16998,269
16999,451
17000,161
17001,439
17002,755
17003,271
17004,200
17005,351
17006,116
17007,338
17008,627
17009,185
17010,152
17011,319
17012,91
17013,293
17014,494
17015,163
17016,236
17017,479
17018,164
17019,479
17020,838
17021,257
17022,188
17023,352
17024,114
17025,334
17026,611
17027,206
17028,168
17029,310
17030,107
17031,287
17032,602
17033,161
17034,286
17035,496
17036,152
17037,520
17038,872
17039,271
17040,190
17041,341
17042,116
17043,353
17044,651
17045,191
17046,196
17047,376
17048,117
17049,365
17050,577
17051,222
17052,357
17053,601
17054,202
17055,567
17056,1044
17057,345
17058,247
17059,422
17060,132
17061,453
17062,699
17063,224
17064,200
17065,340
17066,126
17067,360
17068,650
17069,197
17070,342
17071,543
17072,190
17073,559
17074,1023
17075,333
17076,241
17077,443
17078,141
17079,398
17080,752
17081,224
17082,153
17083,300
17084,97
17085,283
17086,505
17087,158
17088,264
17089,478
17090,146
17091,451
17092,763
17093,278
17094,187
17095,352
17096,111
17097,337
17098,617
17099,201
17100,167
17101,300
17102,107
17103,266
17104,508
17105,172
17106,257
17107,448
17108,150
17109,434
17110,797
17111,244
17112,188
17113,300
17114,109
17115,316
17116,584
17117,193
17118,164
17119,272
17120,92
17121,273
17122,458
17123,166
17124,277
17125,467
17126,147
17127,447
17128,868
17129,270
17130,196
17131,299
17132,111
17133,324
17134,571
17135,175
17136,156
17137,280
17138,98
17139,308
17140,530
17141,149
17142,272
17143,488
17144,154
17145,523
17146,838
17147,268
17148,182
17149,336
17150,114
17151,329
17152,596
17153,200
17154,183
17155,311
17156,109
17157,330
17158,560
17159,169
17160,279
17161,489
17162,156
17163,492
17164,833
17165,290
17166,200
17167,356
17168,122
17169,346
17170,632
17171,186
17172,229
17173,362
17174,113
17175,356
17176,629
17177,194
17178,321
17179,547
17180,189
17181,630
17182,1053
17183,342
17184,241
17185,381
17186,133
17187,447
17188,762
17189,244
17190,206
17191,351
17192,119
17193,372
17194,552
17195,203
17196,338
17197,548
17198,204
17199,597
17200,940
17201,323
17202,223
17203,420
17204,136
17205,431
17206,626
17207,235
17208,164
17209,268
17210,107
17211,287
17212,477
17213,165
17214,267
17215,405
17216,158
17217,471
17218,806
17219,249
17220,201
17221,343
17222,109
17223,330
17224,540
17225,190
17226,175
17227,290
17228,91
17229,307
17230,456
17231,160
17232,256
17233,462
17234,151
17235,431
17236,815
17237,274
17238,195
17239,330
17240,105
17241,331
17242,581
17243,203
17244,154
17245,265
17246,99
17247,285
17248,478
17249,182
17250,261
17251,487
17252,159
17253,488
17254,854
17255,294
17256,205
17257,341
17258,108
17259,342
17260,532
17261,189
17262,173
17263,291
17264,87
17265,282
17266,431
17267,171
17268,261
17269,475
17270,147
17271,487
17272,833
17273,253
17274,187
17275,321
17276,111
17277,316
17278,555
17279,193
17280,180
17281,279
17282,100
17283,301
17284,508
17285,178
17286,302
17287,515
17288,165
17289,474
17290,790
17291,298
17292,211
17293,337
17294,115
17295,340
17296,555
17297,200
17298,223
17299,395
17300,125
17301,388
17302,561
17303,224
17304,322
17305,601
17306,192
17307,620
17308,994
17309,339
17310,258
17311,386
17312,143
17313,463
17314,712
17315,242
17316,222
17317,367
17318,120
17319,352
17320,623
17321,215
17322,391
17323,574
17324,173
17325,635
17326,903
17327,335
17328,249
17329,403
17330,146
17331,444
17332,712
17333,247
17334,151
17335,293
17336,91
17337,292
17338,507
17339,154
17340,275
17341,471
17342,159
17343,492
17344,856
17345,277
17346,199
17347,335
17348,102
17349,332
17350,611
17351,186
17352,178
17353,282
17354,97
17355,311
17356,516
17357,175
17358,272
17359,458
17360,150
17361,486
17362,870
17363,282
17364,196
17365,305
17366,102
17367,329
17368,553
17369,190
17370,166
17371,268
17372,102
17373,282
17374,467
17375,155
17376,296
17377,469
17378,158
17379,481
17380,795
17381,247
17382,222
17383,304
17384,111
17385,352
17386,576
17387,173
17388,181
17389,272
17390,93
17391,310
17392,481
17393,168
17394,269
17395,451
17396,174
17397,464
17398,758
17399,266
17400,196
17401,316
17402,116
17403,345
17404,552
17405,185
17406,173
17407,290
17408,93
17409,316
17410,461
17411,180
17412,273
17413,482
17414,153
17415,490
17416,827
17417,293
17418,195
17419,326
17420,123
17421,367
17422,543
17423,205
17424,213
17425,343
17426,110
17427,400
17428,619
17429,203
17430,354
17431,557
17432,196
17433,639
17434,965
17435,337
17436,263
17437,384
17438,141
17439,395
17440,653
17441,266
17442,215
17443,355
17444,121
17445,340
17446,635
17447,205
17448,350
17449,568
17450,182
17451,600
17452,994
17453,313
17454,247
17455,424
17456,151
17457,409
17458,660
17459,225
17460,166
17461,289
17462,94
17463,307
17464,449
17465,161
17466,253
17467,495
17468,154
17469,477
17470,739
17471,230
17472,205
17473,309
17474,115
17475,334
17476,528
17477,202
17478,185
17479,261
17480,91
17481,286
17482,504
17483,170
17484,277
17485,463
17486,155
17487,500
17488,727
17489,271
17490,201
17491,316
17492,102
17493,340
17494,552
17495,195
17496,171
17497,253
17498,99
17499,299
17500,478
17501,158
17502,281
17503,426
17504,149
17505,492
17506,762
17507,291
17508,191
17509,332
17510,110
17511,349
17512,548
17513,174
17514,177
17515,291
17516,94
17517,324
17518,457
17519,166
17520,279
17521,456
17522,152
17523,503
17524,733
17525,274
17526,192
17527,314
17528,109
17529,347
17530,549
17531,206
20286,211
20287,363
20288,107
20289,388
20290,709
20291,169
20292,356
20293,684
20294,179
20295,664
20296,1106
20297,298
20298,272
20299,424
20300,115
20301,463
20302,767
20303,195
20304,237
20305,403
20306,103
20307,418
20308,761
20309,179
20310,373
20311,674
20312,186
20313,674
20314,1083
20315,322
20316,241
20317,480
20318,123
20319,449
20320,748
20321,194
20322,285
20323,515
20324,129
20325,512
20326,906
20327,225
20328,451
20329,831
20330,227
20331,843
20332,1414
20333,361
20334,312
20335,566
20336,142
20337,499
20338,835
20339,228
20340,289
20341,539
20342,113
20343,450
20344,859
20345,222
20346,487
20347,865
20348,214
20349,803
20350,1541
20351,377
20352,320
20353,494
20354,147
20355,555
20356,1050
20357,223
20358,244
20359,370
20360,99
20361,394
20362,756
20363,170
20364,350
20365,683
20366,166
20367,662
20368,1219
20369,300
20370,238
20371,460
20372,109
20373,440
20374,726
20375,207
20376,220
20377,404
20378,103
20379,368
20380,673
20381,162
20382,397
20383,682
20384,156
20385,611
20386,1132
20387,277
20388,252
20389,453
20390,118
20391,425
20392,799
20393,191
20394,235
20395,406
20396,100
20397,396
20398,735
20399,167
20400,374
20401,644
20402,171
20403,638
20404,1152
20405,269
20406,251
20407,428
20408,108
20409,397
20410,804
20411,191
20412,220
20413,396
20414,104
20415,397
20416,715
20417,175
20418,384
20419,616
20420,159
20421,621
20422,1106
20423,290
20424,246
20425,412
20426,122
20427,387
20428,849
20429,195
20430,235
20431,432
20432,104
20433,398
20434,762
20435,164
20436,373
20437,754
20438,179
20439,692
20440,1181
20441,298
20442,237
20443,506
20444,114
20445,501
20446,816
20447,202
20448,243
20449,491
20450,124
20451,477
20452,887
20453,221
20454,451
20455,856
20456,206
20457,852
20458,1368
20459,320
20460,277
20461,571
20462,145
20463,527
20464,976
20465,265
20466,266
20467,460
20468,130
20469,465
20470,862
20471,210
20472,482
20473,811
20474,216
20475,820
20476,1424
20477,370
20478,307
20479,542
20480,139
20481,490
20482,1016
20483,239
20484,246
20485,418
20486,99
20487,372
20488,656
20489,171
20490,367
20491,663
20492,156
20493,636
20494,1108
20495,299
20496,233
20497,458
20498,119
20499,432
20500,792
20501,188
20502,231
20503,416
20504,104
20505,387
20506,710
20507,182
20508,356
20509,699
20510,156
20511,625
20512,1142
20513,316
20514,241
20515,446
20516,108
20517,375
20518,760
20519,201
20520,232
20521,452
20522,109
20523,385
20524,648
20525,171
20526,383
20527,693
20528,166
20529,637
20530,1144
20531,304
20532,241
20533,479
20534,98
20535,443
20536,828
20537,193
20538,235
20539,414
20540,101
20541,420
20542,723
20543,169
20544,358
20545,728
20546,166
20547,632
20548,1214
20549,294
20550,225
20551,413
20552,99
20553,397
20554,796
20555,208
20556,216
20557,414
20558,108
20559,427
20560,786
20561,191
20562,389
20563,623
20564,188
20565,659
20566,1232
20567,320
20568,268
20569,455
20570,108
20571,441
20572,873
20573,219
20574,267
20575,522
20576,133
20577,498
20578,884
20579,212
20580,439
20581,872
20582,207
20583,866
20584,1473
20585,360
20586,296
20587,521
20588,138
20589,564
20590,1008
20591,241
20592,264
20593,523
20594,120
20595,505
20596,911
20597,229
20598,448
20599,786
20600,218
20601,864
20602,1470
20603,370
20604,296
20605,586
20606,139
20607,485
20608,1017
20609,251
20610,203
20611,422
20612,100
20613,360
20614,664
20615,175
20616,364
20617,662
20618,158
20619,665
20620,1177
20621,293
20622,234
20623,465
20624,111
20625,373
20626,835
20627,187
20628,218
20629,458
20630,95
20631,400
20632,806
20633,173
20634,356
20635,646
20636,172
20637,534
20638,1325
20639,304
20640,240
20641,456
20642,113
20643,459
20644,820
20645,210
20646,223
20647,436
20648,100
20649,361
20650,683
20651,161
20652,364
20653,723
20654,167
20655,634
20656,1144
20657,260
20658,248
20659,449
20660,113
20661,426
20662,763
20663,188
20664,210
20665,431
20666,104
20667,393
20668,734
20669,172
20670,359
20671,631
20672,161
20673,692
20674,1184
20675,289
20676,242
20677,435
20678,110
20679,412
20680,780
20681,203
20682,257
20683,467
20684,106
20685,416
20686,675
20687,180
20688,363
20689,746
20690,175
20691,712
20692,1246
20693,325
20694,238
20695,481
20696,114
20697,419
20698,902
20699,192
20700,277
20701,541
20702,118
20703,519
20704,911
20705,214
20706,419
20707,858
20708,213
20709,801
20710,1466
20711,388
20712,296
20713,542
20714,131
20715,533
20716,1003
20717,245
20718,260
20719,542
20720,128
20721,448
20722,832
20723,232
20724,463
20725,851
20726,214
20727,778
20728,1379
20729,342
20730,279
20731,561
20732,143
20733,494
20734,968
20735,227
20736,203
20737,390
20738,96
20739,416
20740,742
20741,166
20742,358
20743,646
20744,171
20745,619
20746,1263
20747,302
20748,271
20749,434
20750,111
20751,438
20752,822
20753,195
20754,215
20755,396
20756,107
20757,397
20758,691
20759,168
20760,361
20761,673
20762,156
20763,611
20764,1208
20765,312
20766,236
20767,494
20768,110
20769,419
20770,761
20771,200
20772,212
20773,439
20774,116
20775,384
20776,694
20777,185
20778,356
20779,636
20780,147
20781,657
20782,1287
20783,288
20784,243
20785,468
20786,108
20787,397
20788,706
20789,212
21348,279
21349,594
21350,144
21351,424
21352,980
21353,233
21354,505
21355,1035
21356,242
21357,820
21358,2183
21359,469
21360,305
21361,619
21362,133
21363,547
21364,1158
21365,246
21366,242
21367,470
21368,110
21369,395
21370,884
21371,214
21372,439
21373,929
21374,217
21375,714
21376,1760
21377,392
21378,274
21379,508
21380,134
21381,448
21382,931
21383,204
21384,228
21385,611
21386,123
21387,410
21388,990
21389,223
21390,478
21391,1040
21392,227
21393,887
21394,1676
21395,412
21396,274
21397,636
21398,144
21399,496
21400,1012
21401,248
21402,281
21403,577
21404,136
21405,503
21406,1054
21407,245
21408,440
21409,1060
21410,249
21411,798
21412,1650
21413,427
21414,323
21415,634
21416,156
21417,522
21418,1175
21419,245
21420,274
21421,645
21422,136
21423,499
21424,1051
21425,264
21426,491
21427,1073
21428,240
21429,818
21430,1895
21431,416
21432,268
21433,660
21434,148
21435,531
21436,1001
21437,260
21438,279
21439,659
21440,149
21441,505
21442,1202
21443,244
21444,531
21445,1021
21446,243
21447,836
21448,1747
21449,445
21450,331
21451,718
21452,161
21453,555
21454,1223
21455,294
21456,321
21457,758
21458,181
21459,595
21460,1183
21461,280
21462,593
21463,1180
21464,292
21465,947
21466,2124
21467,495
21468,371
21469,773
21470,192
21471,670
21472,1462
21473,309
21474,313
21475,648
21476,145
21477,560
21478,1109
21479,293
21480,455
21481,1041
21482,249
21483,831
21484,1830
21485,434
21486,304
21487,737
21488,175
21489,620
21490,1336
21491,304
21492,236
21493,463
21494,117
21495,367
21496,840
21497,191
21498,381
21499,820
21500,188
21501,659
21502,1356
21503,338
21504,256
21505,532
21506,124
21507,420
21508,948
21509,210
21510,200
21511,451
21512,107
21513,382
21514,842
21515,188
21516,332
21517,735
21518,177
21519,583
21520,1306
21521,301
21522,236
21523,517
21524,121
21525,436
21526,855
21527,208
21528,218
21529,441
21530,101
21531,369
21532,843
21533,183
21534,316
21535,742
21536,170
21537,599
21538,1259
21539,295
21540,218
21541,465
21542,116
21543,397
21544,877
21545,197
21546,186
21547,447
21548,116
21549,316
21550,756
21551,172
21552,312
21553,723
21554,159
21555,564
21556,1171
21557,302
21558,201
21559,490
21560,108
21561,363
21562,797
21563,202
21564,203
21565,447
21566,99
21567,357
21568,830
21569,181
21570,298
21571,819
21572,188
21573,573
21574,1199
21575,301
21576,215
21577,464
21578,110
21579,377
21580,902
21581,207
21582,226
21583,561
21584,134
21585,408
21586,927
21587,220
21588,435
21589,863
21590,216
21591,625
21592,1628
21593,381
21594,239
21595,595
21596,146
21597,489
21598,1025
21599,267
21600,236
21601,546
21602,128
21603,404
21604,939
21605,215
21606,409
21607,891
21608,211
21609,670
21610,1532
21611,365
21612,249
21613,583
21614,135
21615,455
21616,1050
21617,251
21618,197
21619,448
21620,96
21621,349
21622,722
21623,192
21624,336
21625,683
21626,169
21627,587
21628,1241
21629,325
21630,220
21631,448
21632,110
21633,378
21634,838
21635,189
21636,196
21637,413
21638,108
21639,332
21640,723
21641,188
21642,326
21643,766
21644,176
21645,576
21646,1227
21647,296
21648,201
21649,466
21650,112
21651,379
21652,829
21653,174
21654,197
21655,427
21656,95
21657,334
21658,806
21659,182
21660,347
21661,728
21662,165
21663,583
21664,1230
21665,285
21666,222
21667,485
21668,113
21669,329
21670,811
21671,175
21672,186
21673,406
21674,98
21675,318
21676,713
21677,186
21678,312
21679,729
21680,168
21681,560
21682,1295
21683,326
21684,213
21685,469
21686,112
21687,375
21688,820
21689,206
21690,212
21691,437
21692,102
21693,364
21694,844
21695,174
21696,332
21697,786
21698,179
21699,566
21700,1386
21701,320
21702,212
21703,511
21704,121
21705,363
21706,898
21707,200
21708,229
21709,529
21710,130
21711,426
21712,984
21713,222
21714,451
21715,902
21716,216
21717,702
21718,1488
21719,361
21720,235
21721,574
21722,143
21723,459
21724,882
21725,230
21726,243
21727,555
21728,118
21729,396
21730,948
21731,214
21732,401
21733,935
21734,210
21735,631
21736,1474
21737,405
21738,258
21739,527
21740,127
21741,448
21742,1077
21743,237
21744,190
21745,401
21746,104
21747,354
21748,760
21749,184
21750,330
21751,766
21752,174
21753,588
21754,1255
21755,281
21756,202
21757,480
21758,113
21759,343
21760,775
21761,193
21762,204
21763,436
21764,102
21765,318
21766,697
21767,172
21768,327
21769,704
21770,182
21771,552
21772,1294
21773,285
21774,216
21775,451
21776,103
21777,347
21778,773
21779,202
21780,186
21781,406
21782,103
21783,337
21784,758
21785,176
21786,295
21787,707
21788,175
21789,536
21790,1277
21791,286
21792,219
21793,481
21794,101
21795,390
21796,811
21797,186
21798,167
21799,459
21800,113
21801,326
21802,752
21803,164
21804,308
21805,649
21806,156
21807,542
21808,1187
21809,303
21810,220
21811,503
21812,109
21813,323
21814,808
21815,189
21816,201
21817,409
21818,103
21819,328
21820,738
21821,180
21822,326
21823,641
21824,172
21825,537
21826,1323
21827,296
21828,211
21829,485
21830,129
21831,357
21832,854
21833,193
21834,237
21835,571
21836,131
21837,393
21838,891
21839,216
21840,392
21841,862
21842,206
21843,735
21844,1623
21845,393
21846,253
21847,613
21848,140
21849,470
21850,1008
21851,260
21852,260
21853,501
21854,129
21855,414
21856,916
21857,214
21858,372
21859,864
21860,226
21861,702
21862,1567
21863,359
21864,247
21865,626
21866,140
21867,414
21868,887
21869,208
21870,190
21871,409
21872,97
21873,326
21874,755
21875,181
21876,318
21877,729
21878,151
21879,539
21880,1151
21881,307
21882,216
21883,468
21884,111
21885,363
21886,856
21887,188
22446,183
22447,395
22448,101
22449,330
22450,731
22451,197
22452,329
22453,671
22454,170
22455,561
22456,1308
22457,318
22458,214
22459,457
22460,128
22461,362
22462,787
22463,204
22464,211
22465,503
22466,131
22467,383
22468,871
22469,218
22470,357
22471,784
22472,211
22473,656
22474,1481
22475,378
22476,243
22477,539
22478,136
22479,427
22480,973
22481,258
22482,251
22483,463
22484,112
22485,379
22486,791
22487,220
22488,336
22489,797
22490,210
22491,671
22492,1348
22493,355
22494,237
22495,543
22496,145
22497,401
22498,923
22499,257
22500,165
22501,403
22502,101
22503,335
22504,653
22505,177
22506,299
22507,677
22508,159
22509,519
22510,1139
22511,288
22512,202
22513,438
22514,119
22515,321
22516,815
22517,204
22518,169
22519,396
22520,97
22521,345
22522,640
22523,176
22524,280
22525,605
22526,153
22527,525
22528,1210
22529,293
22530,195
22531,407
22532,110
22533,317
22534,786
22535,214
22536,174
22537,424
22538,98
22539,290
22540,650
22541,180
22542,318
22543,657
22544,162
22545,503
22546,1088
22547,293
22548,187
22549,424
22550,112
22551,331
22552,731
22553,203
22554,173
22555,393
22556,103
22557,314
22558,693
22559,185
22560,289
22561,580
22562,142
22563,525
22564,1119
22565,302
22566,193
22567,450
22568,119
22569,346
22570,723
22571,211
22572,181
22573,426
22574,102
22575,314
22576,692
22577,188
22578,303
22579,600
22580,160
22581,559
22582,1163
22583,297
22584,241
22585,517
22586,125
22587,407
22588,907
22589,216
22590,230
22591,497
22592,138
22593,350
22594,772
22595,217
22596,339
22597,800
22598,210
22599,575
22600,1502
22601,347
22602,246
22603,589
22604,154
22605,489
22606,1093
22607,275
22608,228
22609,479
22610,145
22611,392
22612,840
22613,218
22614,373
22615,811
22616,183
22617,563
22618,1404
22619,354
22620,278
22621,596
22622,167
22623,478
22624,1104
22625,289
22626,172
22627,390
22628,105
22629,322
22630,627
22631,188
22632,248
22633,638
22634,163
22635,557
22636,1006
22637,284
22638,226
22639,483
22640,124
22641,377
22642,853
22643,227
22644,167
22645,348
22646,103
22647,341
22648,706
22649,189
22650,290
22651,596
22652,169
22653,543
22654,1122
22655,313
22656,194
22657,454
22658,119
22659,343
22660,802
22661,210
22662,172
22663,389
22664,107
22665,312
22666,638
22667,175
22668,290
22669,661
22670,178
22671,486
22672,1086
22673,289
22674,193
22675,441
22676,124
22677,388
22678,865
22679,199
22680,173
22681,371
22682,99
22683,285
22684,686
22685,170
22686,280
22687,627
22688,174
22689,468
22690,1075
22691,274
22692,203
22693,460
22694,120
22695,347
22696,759
22697,185
22698,191
22699,394
22700,105
22701,294
22702,687
22703,215
22704,291
22705,655
22706,197
22707,553
22708,1133
22709,299
22710,189
22711,435
22712,119
22713,346
22714,778
22715,207
22716,202
22717,480
22718,131
22719,351
22720,810
22721,246
22722,337
22723,816
22724,208
22725,575
22726,1394
22727,354
22728,232
22729,540
22730,133
22731,434
22732,886
22733,240
22734,245
22735,480
22736,131
22737,367
22738,881
22739,221
22740,363
22741,790
22742,227
22743,636
22744,1324
22745,376
22746,227
22747,524
22748,139
22749,383
22750,978
22751,232
22752,185
22753,368
22754,104
22755,274
22756,613
22757,207
22758,294
22759,691
22760,176
22761,491
22762,1087
22763,287
22764,202
22765,411
22766,106
22767,285
22768,664
22769,193
22770,186
22771,386
22772,93
22773,300
22774,620
22775,173
22776,304
22777,626
22778,170
22779,499
22780,1208
22781,289
22782,177
22783,422
22784,118
22785,339
22786,726
22787,199
22788,173
22789,358
22790,108
22791,315
22792,687
22793,180
22794,258
22795,618
22796,157
22797,509
22798,1112
22799,310
22800,192
22801,408
22802,113
22803,294
22804,624
22805,196
22806,177
22807,375
22808,112
22809,302
22810,615
22811,180
22812,290
22813,681
22814,160
22815,471
22816,1117
22817,316
22818,201
22819,405
22820,106
22821,350
22822,733
22823,200
22824,187
22825,387
22826,109
22827,322
22828,654
22829,203
22830,289
22831,608
22832,189
22833,495
22834,1127
22835,321
22836,197
22837,418
22838,118
22839,343
22840,753
22841,208
22842,227
22843,507
22844,130
22845,397
22846,854
22847,231
22848,352
22849,797
22850,209
22851,625
22852,1323
22853,361
22854,253
22855,531
22856,159
22857,408
22858,1032
22859,267
22860,249
22861,479
22862,144
22863,458
22864,954
22865,266
22866,366
22867,739
22868,205
22869,635
22870,1377
22871,364
22872,259
22873,575
22874,152
22875,415
22876,970
22877,271
22878,218
22879,438
22880,129
22881,384
22882,716
22883,209
22884,272
22885,596
22886,176
22887,504
22888,1077
22889,284
22890,243
22891,458
22892,133
22893,375
22894,786
22895,221
22896,208
22897,412
22898,136
22899,384
22900,817
22901,229
22902,295
22903,593
22904,190
22905,458
22906,1018
22907,277
22908,248
22909,505
22910,140
22911,413
22912,926
22913,246
22914,232
22915,482
22916,141
22917,355
22918,837
22919,240
22920,314
22921,592
22922,182
22923,530
22924,999
22925,276
22926,248
22927,518
22928,144
22929,438
22930,922
22931,235
22932,222
22933,450
22934,138
22935,409
22936,833
22937,235
22938,300
22939,599
22940,171
22941,483
22942,1046
22943,257
22944,219
22945,527
22946,137
22947,431
22948,922
22949,257
22950,218
22951,468
22952,144
22953,384
22954,740
22955,230
22956,291
22957,639
22958,187
22959,532
22960,1050
22961,318
22962,230
22963,507
22964,144
22965,417
22966,878
22967,240
22968,259
22969,534
22970,144
22971,412
22972,820
22973,287
22974,379
22975,713
22976,227
22977,606
22978,1324
22979,337
22980,242
22981,540
22982,161
22983,416
22984,942
22985,292
23544,182
23545,330
23546,109
23547,289
23548,592
23549,189
23550,302
23551,544
23552,161
23553,555
23554,893
23555,311
23556,207
23557,354
23558,112
23559,317
23560,563
23561,187
23562,192
23563,317
23564,99
23565,311
23566,597
23567,185
23568,291
23569,519
23570,164
23571,498
23572,907
23573,277
23574,187
23575,384
23576,116
23577,328
23578,551
23579,191
23580,171
23581,337
23582,109
23583,307
23584,623
23585,211
23586,308
23587,534
23588,175
23589,539
23590,973
23591,285
23592,217
23593,362
23594,130
23595,371
23596,638
23597,207
23598,231
23599,386
23600,134
23601,380
23602,728
23603,233
23604,386
23605,688
23606,232
23607,673
23608,1141
23609,351
23610,229
23611,422
23612,117
23613,461
23614,743
23615,237
23616,226
23617,411
23618,129
23619,434
23620,659
23621,220
23622,367
23623,630
23624,212
23625,616
23626,1131
23627,335
23628,247
23629,422
23630,139
23631,431
23632,668
23633,254
23634,182
23635,300
23636,103
23637,324
23638,541
23639,173
23640,281
23641,553
23642,165
23643,477
23644,926
23645,279
23646,192
23647,339
23648,110
23649,354
23650,641
23651,196
23652,181
23653,296
23654,94
23655,333
23656,556
23657,170
23658,287
23659,538
23660,156
23661,502
23662,937
23663,292
23664,198
23665,304
23666,115
23667,333
23668,606
23669,198
23670,179
23671,317
23672,100
23673,311
23674,501
23675,160
23676,297
23677,566
23678,172
23679,462
23680,888
23681,317
23682,201
23683,331
23684,122
23685,350
23686,608
23687,197
23688,183
23689,327
23690,103
23691,332
23692,535
23693,166
23694,282
23695,513
23696,166
23697,530
23698,900
23699,309
23700,205
23701,342
23702,114
23703,332
23704,632
23705,204
23706,204
23707,342
23708,108
23709,295
23710,555
23711,191
23712,318
23713,571
23714,183
23715,585
23716,934
23717,295
23718,197
23719,343
23720,116
23721,372
23722,585
23723,199
23724,218
23725,402
23726,129
23727,406
23728,694
23729,235
23730,362
23731,632
23732,210
23733,597
23734,1139
23735,376
23736,260
23737,392
23738,143
23739,432
23740,760
23741,250
23742,224
23743,387
23744,120
23745,396
23746,689
23747,200
23748,385
23749,643
23750,211
23751,655
23752,1138
23753,412
23754,258
23755,417
23756,141
23757,455
23758,686
23759,245
23760,180
23761,285
23762,113
23763,326
23764,553
23765,182
23766,289
23767,450
23768,159
23769,562
23770,789
23771,312
23772,200
23773,301
23774,112
23775,339
23776,629
23777,176
23778,167
23779,321
23780,99
23781,295
23782,500
23783,196
23784,291
23785,511
23786,184
23787,535
23788,843
23789,270
23790,201
23791,330
23792,120
23793,351
23794,609
23795,197
23796,179
23797,284
23798,104
23799,319
23800,563
23801,179
23802,279
23803,519
23804,164
23805,537
23806,852
23807,274
23808,191
23809,332
23810,118
23811,333
23812,576
23813,201
23814,181
23815,301
23816,101
23817,325
23818,525
23819,187
23820,300
23821,498
23822,155
23823,519
23824,936
23825,302
23826,195
23827,341
23828,119
23829,358
23830,586
23831,198
23832,201
23833,284
23834,115
23835,323
23836,545
23837,184
23838,327
23839,525
23840,181
23841,560
23842,900
23843,315
23844,204
23845,342
23846,121
23847,379
23848,631
23849,213
23850,228
23851,379
23852,143
23853,428
23854,755
23855,229
23856,389
23857,626
23858,200
23859,659
23860,1019
23861,376
23862,254
23863,367
23864,140
23865,398
23866,755
23867,232
23868,239
23869,353
23870,137
23871,398
23872,696
23873,227
23874,367
23875,620
23876,216
23877,660
23878,1064
23879,353
23880,238
23881,382
23882,155
23883,433
23884,676
23885,250
23886,181
23887,297
23888,99
23889,302
23890,520
23891,170
23892,308
23893,502
23894,172
23895,494
23896,856
23897,294
23898,191
23899,310
23900,111
23901,373
23902,577
23903,173
23904,167
23905,295
23906,99
23907,330
23908,512
23909,173
23910,308
23911,483
23912,164
23913,535
23914,835
23915,317
23916,212
23917,299
23918,118
23919,342
23920,609
23921,198
23922,172
23923,304
23924,102
23925,328
23926,517
23927,195
23928,316
23929,505
23930,174
23931,516
23932,815
23933,329
23934,185
23935,326
23936,111
23937,356
23938,549
23939,179
23940,187
23941,311
23942,96
23943,333
23944,469
23945,183
23946,293
23947,510
23948,167
23949,490
23950,870
23951,302
23952,188
23953,341
23954,105
23955,327
23956,542
23957,186
23958,208
23959,299
23960,114
23961,335
23962,566
23963,186
23964,305
23965,526
23966,161
23967,571
23968,893
23969,307
23970,200
23971,362
23972,120
23973,361
23974,580
23975,181
23976,233
23977,379
23978,142
23979,403
23980,649
23981,249
23982,348
23983,599
23984,216
23985,653
23986,1153
23987,384
23988,248
23989,406
23990,146
23991,443
23992,718
23993,239
23994,239
23995,390
23996,126
23997,433
23998,663
23999,208
24000,349
24001,581
24002,228
24003,653
24004,1076
24005,386
24006,263
24007,420
24008,131
24009,444
24010,657
24011,218
24012,189
24013,286
24014,103
24015,316
24016,486
24017,163
24018,314
24019,489
24020,185
24021,522
24022,902
24023,314
24024,203
24025,339
24026,105
24027,354
24028,538
24029,195
24030,207
24031,276
24032,103
24033,324
24034,539
24035,170
24036,338
24037,479
24038,177
24039,532
24040,851
24041,310
24042,201
24043,303
24044,110
24045,347
24046,570
24047,184
24048,186
24049,310
24050,105
24051,325
24052,530
24053,178
24054,282
24055,497
24056,171
24057,574
24058,805
24059,316
24060,227
24061,323
24062,114
24063,371
24064,571
24065,182
24066,181
24067,289
24068,96
24069,322
24070,521
24071,186
24072,304
24073,493
24074,155
24075,536
24076,856
24077,294
24078,227
24079,306
24080,115
24081,335
24082,539
24083,187
24084,213
24085,318
24086,112
24087,322
24088,533
24089,186
24090,318
24091,507
24092,173
24093,597
24094,899
24095,305
24096,203
24097,344
24098,123
24099,394
24100,600
24101,183
